customer_id,transaction_id,transaction_date,amount,product_category,payment_method,customer_age,customer_income
74,1001,,,groceries,debit card,62,47401.75
2,1002,2024-04-06,1493.880877806486,Clothing,PayPal,54,112346.73
44,1003,2023-09-22,1323.2379033239183,Electronics,Debit Card,58,111438.03
6,1004,2024-01-20,647.2378641205189,Clothing,Debit Card,42,50237.29
46,1005,2023-08-28,1385.6961661354512,Groceries,Debit Card,47,115697.03
43,1006,2023-08-04,1149.7665658391968,Groceries,Credit Card,33,86596.87
18,1007,2024-04-02,728.5263253116564,Electronics,Debit Card,68,63018.87
8,1008,2024-02-06,1331.6125630160473,Electronics,PayPal,36,93901.83
57,1009,2023-12-13,1293.6164879718406,Electronics,Debit Card,42,119273.91
65,1010,2023-10-17,914.0136312997087,Electronics,Debit Card,49,47051.13
66,1011,2023-10-31,1011.6467988367255,Electronics,Debit Card,18,94475.06
18,1012,2023-08-21,577.595930192048,Electronics,Debit Card,21,38635.49
64,1013,2024-05-05,917.2271425439576,Groceries,PayPal,46,60468.15
35,1014,2023-11-25,1029.7629304511486,Electronics,PayPal,66,96522.67
96,1015,2024-05-12,397.21816886257335,Groceries,PayPal,51,23701.44
65,1016,2024-01-09,800.9889264200926,Electronics,PayPal,68,29337.05
67,1017,2023-11-20,517.2429645468136,Groceries,PayPal,54,40167.95
73,1018,2023-10-17,1409.4418171129942,Clothing,Credit Card,55,116983.59
11,1019,2023-11-09,669.3575520316483,Clothing,PayPal,23,42129.84
50,1020,2023-11-01,818.5812845032974,Groceries,Debit Card,29,69016.58
75,1021,2024-02-02,1131.1150998189505,Clothing,PayPal,45,76608.83
81,1022,2023-10-30,1113.8736032193733,Groceries,PayPal,46,65922.33
9,1023,2024-01-04,881.0900913313205,Electronics,Debit Card,55,75767.02
37,1024,2024-05-17,1353.5670526960866,Electronics,PayPal,46,108891.57
31,1025,2024-01-13,823.189330172835,Groceries,Debit Card,69,50207.01
47,1026,2024-02-03,1406.701272717759,Electronics,Credit Card,53,112348.49
60,1027,2023-08-18,566.2522294675084,Electronics,Debit Card,54,46981.54
98,1028,2023-10-09,592.6206264507477,Electronics,Credit Card,66,21417.02
63,1029,2023-09-13,949.2911874421402,Groceries,PayPal,25,59023.53
35,1030,2023-09-26,379.02566287739364,Groceries,Debit Card,43,32232.94
62,1031,2023-11-26,697.7718644108819,Groceries,Credit Card,52,45399.23
55,1032,2024-07-13,1362.4528868930452,Clothing,Debit Card,34,117777.43
81,1033,2023-12-13,711.4877970600645,Electronics,Credit Card,68,46279.32
72,1034,2024-06-19,1522.565651029858,Clothing,Debit Card,18,106722.36
43,1035,2024-01-03,1190.7036874265618,Groceries,Credit Card,64,87379.46
67,1036,2024-03-08,831.6015503011131,Groceries,Debit Card,42,40714.65
42,1037,2024-01-24,1168.7788272841892,Clothing,Debit Card,49,101227.96
19,1038,2024-03-29,546.4555001994185,Clothing,PayPal,56,45082.69
77,1039,2024-01-01,426.2708591064313,Electronics,PayPal,19,30968.59
80,1040,2024-04-27,1205.5430292338451,Clothing,Credit Card,18,99796.02
41,1041,2023-08-18,1379.5891841496086,Electronics,Credit Card,67,99372.07
11,1042,2023-09-15,993.1182517194862,Clothing,PayPal,44,95432.46
55,1043,2024-01-16,456.13358420085115,Groceries,PayPal,62,32162.86
16,1044,2024-05-04,584.662136799435,Groceries,Debit Card,50,32444.34
57,1045,2023-12-03,739.8705272029594,Clothing,Credit Card,51,60116.86
92,1046,2024-07-15,754.9386608069657,Groceries,Credit Card,35,60314.25
31,1047,2023-08-16,689.6192198116281,Electronics,PayPal,46,20834.8
22,1048,2024-04-21,840.2496167066198,Electronics,Debit Card,65,34504.51
58,1049,2023-10-22,1140.5668929703588,Electronics,Debit Card,52,64382.15
78,1050,2024-07-04,842.8045394499093,Clothing,Credit Card,49,71829.99
76,1051,,,groceries,paypal,58,105611.17
52,1052,2024-06-02,1517.712532448412,Groceries,PayPal,63,118552.85
68,1053,2024-05-10,1465.39852474971,Groceries,Debit Card,27,104308.57
90,1054,2023-08-24,1053.6298425045604,Electronics,Debit Card,33,91376.84
66,1055,2024-03-27,747.2958002251946,Electronics,PayPal,58,58737.31
71,1056,2024-01-19,889.4508534547459,Groceries,Credit Card,66,85470.52
96,1057,2024-03-01,1110.8545703355283,Clothing,PayPal,58,82151.61
85,1058,2023-09-07,1535.627921964538,Clothing,Debit Card,58,118575.11
74,1059,2023-08-19,514.9585255450216,Electronics,Debit Card,30,21518.13
49,1060,2023-10-14,1256.5849161529425,Clothing,PayPal,36,104606.88
17,1061,2023-12-21,541.7223802401296,Groceries,Debit Card,62,42591.75
43,1062,2023-10-05,1426.9680165996247,Groceries,Credit Card,28,100116.45
15,1063,2023-09-25,691.462949689912,Clothing,PayPal,29,50834.48
65,1064,2023-10-06,1287.9299752329157,Groceries,Debit Card,69,89443.07
98,1065,2024-03-28,1395.153253659019,Electronics,Credit Card,50,91454.75
27,1066,2023-11-24,901.2927914647614,Groceries,Debit Card,29,58090.77
94,1067,2023-11-02,642.8138893283119,Electronics,Credit Card,33,57958.6
95,1068,2023-08-21,666.9207805506521,Groceries,Credit Card,51,36457.19
78,1069,2024-04-23,1008.0685288048146,Groceries,PayPal,39,60071.83
88,1070,2024-03-29,930.2884340985854,Electronics,PayPal,61,40248.05
92,1071,2023-12-30,689.3220516212531,Electronics,Debit Card,34,61167.16
59,1072,2023-08-03,1325.5652578288664,Clothing,Credit Card,65,81141.2
77,1073,2024-05-11,1251.8617632801297,Electronics,Debit Card,20,104106.18
57,1074,2024-07-13,1507.100576499165,Electronics,PayPal,60,100595.51
36,1075,2024-01-24,1319.6833482947316,Clothing,Debit Card,55,114655.05
17,1076,2023-12-12,1443.903195275511,Electronics,Credit Card,62,108640.62
31,1077,2024-02-23,297.7796204969392,Electronics,Debit Card,19,26549.77
74,1078,2024-06-27,711.2800877522945,Clothing,Credit Card,47,27406.33
59,1079,2023-08-07,1273.861256883131,Electronics,PayPal,25,87909.82
95,1080,2023-12-24,1271.9647658053239,Groceries,Credit Card,34,106564.52
79,1081,2023-09-17,1527.0522393194622,Electronics,Credit Card,33,102744.59
26,1082,2024-06-26,1364.2201755391025,Clothing,Debit Card,43,115415.05
4,1083,2023-08-04,1558.1815118357542,Electronics,PayPal,23,108375.85
35,1084,2023-09-26,751.6035171790128,Electronics,PayPal,25,59226.08
87,1085,2024-06-09,1113.1125142875596,Clothing,Debit Card,41,61400.5
68,1086,2024-01-13,684.6693489881434,Electronics,PayPal,40,20504.88
65,1087,2023-11-17,523.7315826575241,Electronics,Credit Card,32,26230.66
52,1088,2024-05-12,1511.2249456900975,Electronics,Debit Card,18,99453.39
44,1089,2024-02-15,894.8783240874536,Groceries,PayPal,36,62998.35
80,1090,2024-02-18,583.5723106225424,Groceries,Debit Card,25,28759.37
4,1091,2023-11-07,950.3599106978946,Clothing,Debit Card,37,88746.18
63,1092,2024-02-01,1514.2147989052132,Electronics,Debit Card,41,111906.87
79,1093,2024-07-24,811.2228516609168,Clothing,Debit Card,44,52108.71
12,1094,2023-08-03,585.7193270129341,Electronics,Credit Card,28,32107.64
19,1095,2024-07-07,695.3223644876774,Groceries,Debit Card,20,45305.52
63,1096,2024-05-06,934.4930576996361,Groceries,PayPal,27,74529.0
64,1097,2024-07-05,835.6511951731351,Groceries,Credit Card,52,69534.31
93,1098,2024-02-02,606.8777726863422,Groceries,PayPal,30,30448.94
57,1099,2023-12-14,1322.0551769081192,Groceries,Credit Card,22,114374.58
31,1100,2023-10-29,472.2111136483103,Groceries,Credit Card,54,40521.01
40,1101,,,groceries,credit card,32,46895.86
74,1102,2024-06-06,707.6102171191902,Electronics,Debit Card,38,41448.0
50,1103,2024-06-01,855.1000407497297,Groceries,Debit Card,63,43468.45
3,1104,2023-08-13,592.6795163484129,Electronics,Credit Card,34,22977.2
71,1105,2023-12-04,1398.1146430850008,Electronics,Credit Card,67,115073.5
60,1106,2023-11-11,1016.1522568249115,Clothing,Credit Card,32,85234.05
11,1107,2023-10-26,1299.071305562625,Electronics,Debit Card,37,84359.37
14,1108,2024-07-24,1366.1529760204876,Electronics,Credit Card,26,98945.51
74,1109,2023-09-18,482.05836450940006,Clothing,Debit Card,34,37874.27
80,1110,2024-05-18,1363.4613981092143,Electronics,Credit Card,64,88584.15
59,1111,2024-07-18,1423.617598064188,Groceries,Debit Card,22,107146.69
88,1112,2024-06-24,1030.1871211197165,Clothing,PayPal,60,84024.9
11,1113,2024-06-08,966.6090378078688,Electronics,PayPal,21,72556.79
52,1114,2024-03-28,700.6894617224538,Groceries,Debit Card,57,46407.07
52,1115,2023-11-19,1301.831050614645,Groceries,Debit Card,48,109737.22
74,1116,2023-11-06,1065.2861482861824,Clothing,Debit Card,36,76914.58
22,1117,2024-02-29,1097.1225730035278,Groceries,PayPal,25,94539.03
86,1118,2024-01-29,367.35854552585056,Groceries,Debit Card,36,35757.03
53,1119,2024-06-07,571.4121247249777,Electronics,Credit Card,52,41092.42
12,1120,2023-08-15,727.0242936129509,Clothing,PayPal,24,64795.66
76,1121,2024-04-08,866.9819687226095,Clothing,PayPal,69,72892.55
33,1122,2023-12-25,1323.8848335576747,Clothing,PayPal,61,90382.82
70,1123,2023-10-02,1327.4191440342743,Groceries,Credit Card,50,114294.74
17,1124,2024-04-06,956.6350647725329,Electronics,Credit Card,68,70014.61
8,1125,2023-08-28,373.06217438750616,Electronics,Credit Card,65,34353.63
47,1126,2024-03-02,722.8791633070261,Clothing,Credit Card,35,65919.9
89,1127,2024-02-22,1210.7870300927748,Electronics,Debit Card,23,90671.04
11,1128,2024-02-04,1256.2291730995996,Clothing,Debit Card,35,75455.01
6,1129,2024-06-22,1437.7948816398907,Clothing,PayPal,65,96294.86
63,1130,2024-04-26,948.7065929640346,Electronics,Credit Card,62,61153.05
11,1131,2024-06-06,1034.0677883299786,Groceries,Debit Card,30,71355.86
21,1132,2023-12-19,572.7446459678791,Clothing,Debit Card,44,38272.32
71,1133,2024-03-14,801.9850879460573,Clothing,PayPal,18,38335.48
67,1134,2024-01-25,750.4713730907463,Electronics,Debit Card,45,44864.64
44,1135,2023-11-16,1017.9685237246188,Clothing,Debit Card,59,64309.68
53,1136,2024-07-05,775.4986368688094,Groceries,Debit Card,24,53796.83
93,1137,2024-01-23,1229.860197515653,Electronics,Debit Card,31,98184.27
92,1138,2023-11-11,1298.1522211948482,Electronics,PayPal,54,108056.31
58,1139,2024-06-27,1325.2515168216553,Electronics,PayPal,63,117789.12
15,1140,2023-09-01,1001.5073213893207,Groceries,Credit Card,19,57350.82
67,1141,2024-01-19,944.4210764865851,Groceries,Credit Card,24,76445.55
73,1142,2024-02-06,529.7157843579307,Groceries,Credit Card,41,51807.22
89,1143,2024-02-03,684.392084995641,Electronics,Debit Card,31,26325.01
78,1144,2023-09-18,1401.6575690622285,Groceries,PayPal,46,88903.03
95,1145,2024-07-16,1189.118630163452,Groceries,Credit Card,32,102446.62
24,1146,2024-03-28,1120.653894973996,Electronics,PayPal,39,90252.39
32,1147,2024-02-19,1480.436859805657,Clothing,Credit Card,38,102339.71
87,1148,2024-04-10,1674.457814282191,Clothing,PayPal,69,118694.04
49,1149,2023-08-28,1001.4296922852528,Clothing,Credit Card,59,84239.63
40,1150,2023-12-10,1545.4967012029783,Clothing,PayPal,49,114188.22
76,1151,,,clothing,paypal,35,77263.07
62,1152,2024-04-19,1163.691449313229,Electronics,Credit Card,57,95207.89
2,1153,2023-09-04,1100.19778268948,Groceries,Credit Card,54,61931.37
1,1154,2023-09-07,976.7550692364415,Clothing,Debit Card,23,73125.47
86,1155,2024-03-18,1255.3424094264847,Electronics,PayPal,61,117059.92
100,1156,2023-09-29,583.0832152325811,Electronics,Credit Card,21,34544.01
62,1157,2023-11-25,1364.6416032621144,Electronics,PayPal,46,94198.13
63,1158,2024-06-29,1345.27711320331,Electronics,Debit Card,21,101461.64
95,1159,2024-03-23,1021.2119543120676,Groceries,Debit Card,67,80258.68
19,1160,2023-10-07,786.7207981779226,Electronics,Credit Card,40,27614.26
10,1161,2024-02-22,312.90281972022933,Electronics,PayPal,43,22618.96
38,1162,2024-05-14,852.6594455564264,Clothing,Debit Card,61,58821.5
79,1163,2024-07-01,972.5101852458736,Clothing,Credit Card,41,59499.71
92,1164,2023-12-05,1042.1933426452824,Clothing,PayPal,40,92480.24
48,1165,2024-06-14,1649.8993775846773,Groceries,Credit Card,64,116227.46
74,1166,2024-06-29,756.268961481168,Clothing,PayPal,44,25132.6
9,1167,2024-05-15,512.8950607814525,Electronics,Debit Card,61,22201.34
88,1168,2023-11-26,1115.3660730353247,Groceries,PayPal,41,84851.77
80,1169,2024-04-27,1582.4611452669503,Clothing,Credit Card,61,108522.02
30,1170,2024-06-10,687.1156450261345,Groceries,Debit Card,47,64863.01
32,1171,2024-02-18,424.8665587090946,Electronics,Credit Card,45,32620.26
91,1172,2023-12-16,643.5815779520667,Electronics,Credit Card,24,46810.3
97,1173,2024-03-02,1417.2484733911335,Electronics,Debit Card,39,95343.72
67,1174,2024-03-22,1165.8349097303892,Electronics,Credit Card,49,101785.43
37,1175,2024-03-25,899.7633432143944,Clothing,PayPal,41,88651.77
53,1176,2024-01-31,877.5409342925715,Groceries,PayPal,43,82547.93
24,1177,2024-04-06,857.1528174395446,Groceries,Debit Card,62,44637.14
99,1178,2024-01-12,1485.6739939537836,Groceries,PayPal,58,106013.72
61,1179,2024-06-08,1345.0588897015489,Groceries,PayPal,56,100519.91
27,1180,2024-01-05,1364.9018823753527,Electronics,PayPal,36,115715.99
5,1181,2023-11-09,1279.4248708033965,Groceries,Debit Card,24,91336.85
57,1182,2024-03-13,1000.9320652418061,Clothing,PayPal,37,51041.3
97,1183,2023-11-12,481.5204314554576,Groceries,Credit Card,38,29852.01
71,1184,2024-03-31,792.24164030629,Electronics,Debit Card,47,58033.47
87,1185,2023-12-14,517.0776831606711,Electronics,Debit Card,28,40349.88
14,1186,2024-02-19,824.4929260813548,Clothing,Credit Card,31,50648.23
41,1187,2024-06-20,433.13345629887317,Groceries,Credit Card,22,23635.08
85,1188,2023-09-30,1252.443139479407,Groceries,Credit Card,32,100236.36
95,1189,2024-04-06,1430.0969326927386,Groceries,Credit Card,39,108141.28
36,1190,2024-02-09,516.91574478345,Groceries,Credit Card,55,32455.49
43,1191,2023-11-28,1131.8741024559279,Groceries,Debit Card,48,80572.63
62,1192,2023-12-29,847.2311316107804,Groceries,Debit Card,32,39951.44
34,1193,2024-07-03,977.8921399408232,Groceries,Debit Card,26,94935.16
19,1194,2023-08-20,1202.9631269176862,Electronics,Credit Card,37,87032.67
73,1195,2023-08-11,1096.1113566552735,Groceries,Credit Card,30,89335.54
48,1196,2024-01-05,1467.5353325572407,Electronics,Debit Card,38,119648.43
78,1197,2024-06-14,942.0735570773073,Groceries,Credit Card,66,88098.52
61,1198,2024-06-23,1595.4492818575989,Electronics,Debit Card,37,119067.21
50,1199,2024-01-04,893.7278294249777,Groceries,PayPal,57,74168.19
38,1200,2023-08-28,1127.9004741920264,Groceries,Credit Card,30,99142.79
6,1201,,,groceries,debit card,33,62488.79
14,1202,2023-12-18,1136.7832993805428,Groceries,PayPal,67,70458.18
31,1203,2024-06-08,1341.4859025436779,Clothing,Credit Card,59,114308.16
96,1204,2023-08-11,772.6988566252786,Clothing,Credit Card,43,38650.65
26,1205,2024-03-03,690.9001153156067,Clothing,Credit Card,19,20111.77
69,1206,2023-10-17,1140.111875649504,Clothing,PayPal,65,94060.18
25,1207,2023-08-28,863.6616886408282,Electronics,Credit Card,23,65725.93
4,1208,2023-10-04,730.2867654408257,Electronics,PayPal,21,44009.61
74,1209,2024-01-11,652.1622362416613,Clothing,Credit Card,65,53158.44
37,1210,2024-06-15,309.16997677119537,Electronics,Debit Card,22,27491.95
68,1211,2024-04-04,1535.5422154263224,Clothing,Credit Card,65,110513.58
27,1212,2023-09-02,1118.4915631059498,Clothing,Credit Card,64,63871.23
89,1213,2023-12-29,737.9839234751876,Clothing,PayPal,53,42864.12
16,1214,2024-07-12,634.3914140949043,Groceries,Debit Card,31,28056.46
61,1215,2024-01-22,1051.8378446776749,Groceries,PayPal,44,83159.98
75,1216,2024-07-18,1035.141091706308,Groceries,Debit Card,49,99514.73
86,1217,2024-05-09,1661.8984037278224,Groceries,PayPal,64,111519.8
93,1218,2024-06-23,1020.1882869312294,Clothing,Debit Card,66,88317.88
12,1219,2024-06-10,1186.4197082207797,Electronics,PayPal,54,73117.63
23,1220,2023-10-21,692.5185424394859,Clothing,Credit Card,58,43093.54
95,1221,2023-12-17,837.623331658227,Clothing,PayPal,56,51668.42
31,1222,2023-08-01,898.2616163638422,Clothing,Debit Card,49,81334.75
90,1223,2024-04-19,1075.423599343763,Electronics,PayPal,29,81935.7
34,1224,2024-04-02,1081.6120420294785,Clothing,Debit Card,55,87671.88
36,1225,2024-05-04,894.1997531918197,Electronics,PayPal,58,64213.34
58,1226,2023-09-19,1050.957166976203,Clothing,Credit Card,30,65646.27
83,1227,2023-08-22,1324.0983389384323,Groceries,Debit Card,46,85768.31
57,1228,2023-08-10,961.6307510826447,Groceries,PayPal,57,51794.22
80,1229,2024-05-02,604.1029644100122,Electronics,PayPal,27,21494.63
48,1230,2023-11-30,1488.0084157037222,Electronics,Debit Card,34,117484.75
9,1231,2023-11-04,1301.8972451802836,Groceries,Credit Card,21,87486.83
76,1232,2024-01-30,481.6815246989193,Electronics,PayPal,27,32053.31
39,1233,2023-11-13,1276.3191372665603,Groceries,Debit Card,56,86245.96
42,1234,2024-05-13,1629.8618615166606,Electronics,Debit Card,54,119449.69
30,1235,2023-11-10,641.5024571380669,Groceries,Credit Card,47,36766.99
11,1236,2024-02-14,1080.1082501181586,Clothing,Debit Card,30,77979.26
24,1237,2024-05-04,854.9902601385859,Groceries,PayPal,41,66677.46
9,1238,2023-09-26,768.1937908163719,Clothing,PayPal,24,46771.26
64,1239,2023-08-30,864.0772336513751,Clothing,PayPal,29,51271.75
69,1240,2023-09-27,972.4312083180713,Clothing,PayPal,55,53116.6
89,1241,2023-12-09,840.2339202577749,Clothing,PayPal,22,60497.11
4,1242,2023-08-07,1581.073841772145,Electronics,Credit Card,19,113254.6
88,1243,2024-03-30,1224.0244621855863,Electronics,PayPal,42,81067.32
19,1244,2024-02-24,898.0049961939968,Groceries,Debit Card,60,81430.41
82,1245,2024-04-19,566.9514243457073,Groceries,Credit Card,63,36278.31
49,1246,2024-07-15,1475.9535682739345,Clothing,Credit Card,63,104499.41
26,1247,2024-06-13,1501.8264845942329,Clothing,Debit Card,67,98047.43
61,1248,2023-10-31,881.8264501388205,Groceries,Debit Card,47,76194.86
66,1249,2024-03-28,732.4085458647972,Electronics,Debit Card,44,49432.3
60,1250,2023-12-06,690.1162184378143,Electronics,Credit Card,28,55871.7
26,1251,,,groceries,paypal,29,49280.11
42,1252,2023-10-14,1514.8658621949544,Clothing,Credit Card,53,103623.07
46,1253,2024-05-09,814.2579335095356,Clothing,Debit Card,53,67076.05
47,1254,2023-10-27,685.1141195345425,Clothing,Debit Card,34,37003.03
19,1255,2024-06-13,1534.635768272504,Electronics,PayPal,55,114600.35
29,1256,2024-05-12,1099.9026587976657,Clothing,PayPal,42,62239.68
10,1257,2024-02-26,868.0130301766676,Groceries,Credit Card,28,80442.78
36,1258,2023-10-04,1279.108374965059,Electronics,Debit Card,36,95171.92
30,1259,2023-09-16,1032.861932297299,Electronics,PayPal,35,64171.0
13,1260,2024-01-14,833.8467340356221,Groceries,Debit Card,62,48468.16
30,1261,2023-12-04,1467.6409693319802,Groceries,PayPal,29,100732.83
98,1262,2024-01-19,596.3602378397322,Groceries,Debit Card,41,39220.62
52,1263,2023-11-15,953.155194137289,Groceries,Debit Card,24,54677.22
40,1264,2023-08-08,606.1040962008888,Electronics,Debit Card,24,51834.63
61,1265,2024-03-27,840.6747532644682,Groceries,PayPal,33,35556.42
27,1266,2024-07-02,759.6610240103046,Groceries,PayPal,45,24894.38
12,1267,2023-08-10,982.2555650325463,Clothing,Credit Card,60,63846.84
66,1268,2023-10-21,1513.5169123658052,Groceries,Debit Card,62,101777.75
72,1269,2023-11-07,765.6279928929289,Groceries,Credit Card,47,51667.62
35,1270,2024-07-15,602.927620273483,Groceries,PayPal,25,28819.94
78,1271,2024-06-20,1436.922074263239,Groceries,PayPal,36,99064.24
61,1272,2023-08-09,1060.6308395121291,Groceries,Credit Card,34,79581.74
98,1273,2023-10-07,831.7154571707358,Clothing,Credit Card,57,35538.86
79,1274,2023-10-07,1047.620171565439,Groceries,Debit Card,23,74405.25
58,1275,2024-03-10,1100.0436701682074,Groceries,Debit Card,22,77554.84
31,1276,2024-06-01,936.9163179253499,Electronics,Debit Card,22,80229.93
21,1277,2024-04-24,928.1920086235906,Clothing,Debit Card,62,87091.07
20,1278,2024-04-30,953.5290279828059,Groceries,Credit Card,32,57175.76
5,1279,2023-12-07,630.7126562595764,Electronics,Debit Card,26,22127.7
62,1280,2024-03-21,861.2952307165003,Clothing,PayPal,51,75805.87
29,1281,2024-06-06,1396.141171469066,Groceries,PayPal,42,87692.55
11,1282,2024-01-17,969.9660130114307,Clothing,PayPal,64,67876.74
23,1283,2024-07-15,891.0559141747608,Groceries,Credit Card,63,36686.96
22,1284,2024-03-23,694.8357747950733,Clothing,Debit Card,42,36937.57
73,1285,2024-02-06,655.6713152047085,Clothing,Debit Card,30,42640.56
83,1286,2024-01-14,274.06540903090774,Groceries,Credit Card,66,22859.22
12,1287,2024-03-15,1183.1176486603367,Electronics,Debit Card,55,89368.76
64,1288,2023-10-22,605.5099937718348,Electronics,PayPal,25,24027.85
16,1289,2024-07-19,1269.5254904891692,Electronics,Debit Card,56,89198.45
8,1290,2023-11-26,761.3458823159664,Electronics,PayPal,49,27823.58
22,1291,2024-02-01,1395.532506905402,Clothing,Debit Card,61,102810.33
29,1292,2024-03-26,649.054742208771,Clothing,Credit Card,39,62655.86
83,1293,2024-02-29,1395.5763275627517,Groceries,Debit Card,28,93158.67
73,1294,2024-03-18,1091.9726639633504,Clothing,PayPal,29,85086.8
2,1295,2023-12-24,477.0842184775005,Clothing,PayPal,63,38080.34
23,1296,2024-01-22,556.1841304952586,Groceries,Debit Card,37,48837.53
19,1297,2023-09-16,623.0001609400612,Clothing,Debit Card,23,47775.07
87,1298,2023-11-01,1010.1295840140631,Groceries,PayPal,20,50487.36
30,1299,2023-10-07,692.5458855591207,Electronics,Debit Card,65,46862.7
99,1300,2023-10-04,924.764708882543,Groceries,PayPal,39,47997.16
84,1301,,,electronics,paypal,60,110664.35
9,1302,2024-01-24,1544.8982211507764,Groceries,PayPal,48,104092.13
47,1303,2024-01-26,1092.1934489872062,Electronics,PayPal,54,98699.64
60,1304,2023-09-10,1438.619662940217,Clothing,Debit Card,35,97457.43
56,1305,2023-11-24,1170.6207888560389,Groceries,Credit Card,44,92235.26
3,1306,2024-07-02,1268.4047840894561,Groceries,PayPal,34,76643.66
77,1307,2023-12-24,1041.2554364290827,Groceries,Credit Card,61,57934.65
23,1308,2024-02-10,843.3148037575601,Electronics,Debit Card,58,69371.09
31,1309,2024-05-08,906.156958460778,Groceries,Credit Card,30,84174.22
42,1310,2023-09-25,861.5918082856683,Clothing,PayPal,39,67258.54
91,1311,2024-06-28,1308.8999245762227,Electronics,PayPal,64,98510.06
85,1312,2023-12-09,1276.9754345148,Electronics,PayPal,20,102749.1
31,1313,2024-05-31,1075.2665340490837,Clothing,Credit Card,55,90426.71
8,1314,2023-09-29,1059.1030949127733,Electronics,Debit Card,36,61644.13
51,1315,2024-06-18,1337.416416603553,Groceries,PayPal,31,99271.48
48,1316,2024-02-14,515.4601266135519,Electronics,PayPal,51,35282.78
57,1317,2023-10-15,1389.244650912102,Electronics,Debit Card,68,115731.98
96,1318,2024-01-19,1667.4279075820295,Groceries,Credit Card,40,118381.02
50,1319,2023-08-24,707.8694042201388,Groceries,PayPal,69,29633.83
94,1320,2024-04-15,555.489451155721,Groceries,Credit Card,50,29364.91
21,1321,2024-01-21,897.2133523127806,Clothing,Credit Card,54,80294.38
39,1322,2023-12-21,768.5919163771308,Clothing,Debit Card,46,58778.5
38,1323,2024-03-19,1100.8844958207142,Clothing,Credit Card,67,62771.11
64,1324,2023-08-01,1591.5546635297721,Clothing,PayPal,27,109710.27
26,1325,2024-01-30,831.1804872149937,Clothing,PayPal,57,53248.62
35,1326,2024-01-31,289.0527475361171,Electronics,Debit Card,41,28492.78
73,1327,2024-02-04,801.2485800773076,Clothing,Debit Card,69,72864.15
4,1328,2023-11-07,444.1424310536937,Clothing,Debit Card,27,29218.31
34,1329,2024-05-30,1116.8147676564893,Groceries,Credit Card,40,69291.06
39,1330,2024-01-29,1103.276869770409,Groceries,Credit Card,18,111227.41
26,1331,2024-04-15,773.20638269244,Electronics,PayPal,19,66312.22
29,1332,2023-11-05,1127.7599090035214,Electronics,PayPal,35,65338.55
87,1333,2024-06-06,642.0542517509487,Clothing,PayPal,69,24366.42
88,1334,2023-09-16,1529.5491022992726,Electronics,Debit Card,24,115299.99
8,1335,2024-01-24,1514.3987520092774,Groceries,Credit Card,65,106658.75
86,1336,2024-01-26,826.8773510461357,Clothing,Debit Card,66,74247.97
55,1337,2024-07-27,982.0276573604137,Groceries,PayPal,34,66791.31
91,1338,2024-05-20,778.6584586308923,Clothing,Credit Card,67,40963.42
79,1339,2024-03-07,554.6383590786145,Electronics,PayPal,53,51049.54
91,1340,2024-03-20,1136.711574291524,Groceries,PayPal,18,77657.48
90,1341,2023-10-30,395.3621243747147,Clothing,Credit Card,57,27117.35
59,1342,2024-04-27,1051.088611982929,Electronics,PayPal,48,86658.15
36,1343,2024-05-25,1010.0217563283329,Groceries,Debit Card,19,65507.53
67,1344,2024-01-27,1447.2294183354193,Groceries,Credit Card,19,97180.85
7,1345,2023-08-26,489.4330967606686,Clothing,Credit Card,30,29415.59
79,1346,2023-09-28,1119.0005191407258,Electronics,PayPal,56,69416.38
46,1347,2023-08-01,1428.105121650925,Clothing,Credit Card,61,97062.9
75,1348,2024-07-10,1221.939187939764,Electronics,PayPal,68,80161.88
21,1349,2024-06-28,1303.6669354057472,Clothing,PayPal,58,118526.07
90,1350,2024-03-22,1449.412021734027,Electronics,Credit Card,63,95928.71
32,1351,,,clothing,credit card,40,54696.18
75,1352,2023-12-06,642.0764523562983,Electronics,Credit Card,65,30766.73
76,1353,2024-02-13,721.9715088831667,Clothing,Debit Card,41,30890.99
25,1354,2023-11-29,387.6394307961278,Electronics,Credit Card,21,32267.54
33,1355,2023-12-04,964.3890145876821,Groceries,PayPal,47,72889.44
100,1356,2023-10-29,1507.223316766204,Groceries,Credit Card,67,112375.57
30,1357,2024-04-24,1502.8346391364169,Clothing,Credit Card,44,117908.18
94,1358,2023-11-16,479.7934596952308,Electronics,Debit Card,34,31590.41
41,1359,2023-10-28,871.0849197592356,Electronics,PayPal,61,52148.39
29,1360,2024-02-09,1063.6802389179443,Groceries,Debit Card,32,58787.68
8,1361,2023-11-20,920.8418441162524,Groceries,PayPal,40,68670.39
100,1362,2024-05-09,418.46867351725984,Clothing,Credit Card,65,27708.76
49,1363,2023-11-29,695.2968610960268,Groceries,Debit Card,24,27777.97
10,1364,2024-03-17,377.2162918373478,Clothing,PayPal,19,30839.37
37,1365,2023-09-01,738.4638823421949,Electronics,PayPal,43,65434.99
6,1366,2024-07-15,706.8835126019615,Electronics,PayPal,39,39521.38
28,1367,2024-06-06,1245.1960306761375,Electronics,Credit Card,46,92430.68
100,1368,2024-01-27,897.1511571075447,Clothing,PayPal,44,86153.28
94,1369,2023-12-08,870.4788042321223,Electronics,Credit Card,28,63569.94
82,1370,2024-07-14,1438.996075883471,Electronics,PayPal,39,102498.87
16,1371,2023-11-25,431.5121505997208,Electronics,Debit Card,36,32015.27
6,1372,2024-01-08,1240.3372065311087,Groceries,PayPal,26,105590.44
15,1373,2024-04-22,771.4556352593894,Clothing,Credit Card,51,70083.0
52,1374,2023-10-14,860.3067818553235,Groceries,Debit Card,23,65532.43
35,1375,2024-02-19,806.0063690457844,Groceries,PayPal,21,79112.34
94,1376,2024-05-16,582.8900545541832,Clothing,Credit Card,21,47430.38
33,1377,2023-12-17,1333.639292153669,Electronics,Credit Card,52,118476.18
82,1378,2023-12-21,308.448444211166,Clothing,PayPal,37,20958.48
74,1379,2023-11-26,1146.2988886008525,Groceries,PayPal,44,104875.05
22,1380,2023-10-31,831.616431983331,Clothing,Credit Card,62,55440.27
75,1381,2023-07-31,1173.0550017663422,Electronics,Credit Card,27,88057.38
32,1382,2024-06-27,889.4480316794645,Clothing,Debit Card,32,78696.53
63,1383,2024-07-09,823.8461297793849,Groceries,Credit Card,25,72765.39
29,1384,2024-01-14,646.6600065918867,Electronics,Credit Card,31,20378.64
51,1385,2024-06-27,733.6178645814549,Groceries,Credit Card,22,63233.19
8,1386,2023-08-17,728.1611537925265,Groceries,Credit Card,20,68855.01
70,1387,2023-08-06,548.532220514377,Clothing,Debit Card,61,22730.91
21,1388,2024-07-23,1324.0105620725342,Clothing,PayPal,68,111850.99
3,1389,2024-03-25,872.9505701529969,Clothing,Debit Card,28,52577.13
67,1390,2024-03-23,861.5352221504585,Clothing,PayPal,55,73581.25
46,1391,2024-04-28,674.1580853599355,Groceries,Credit Card,54,28047.55
46,1392,2023-08-26,1006.9492936703285,Electronics,PayPal,61,71950.67
88,1393,2023-08-21,1089.278098453541,Clothing,PayPal,28,67499.58
8,1394,2023-11-30,757.6846664251102,Clothing,Debit Card,57,37427.62
65,1395,2024-02-08,1073.7196981237942,Clothing,Debit Card,32,80603.02
95,1396,2023-11-11,1618.3340261517224,Clothing,PayPal,49,115180.19
26,1397,2024-02-13,1231.1433405690648,Groceries,PayPal,66,77455.19
82,1398,2024-02-12,1207.3004008967957,Electronics,Credit Card,19,99056.63
21,1399,2024-04-24,1679.681854716236,Clothing,Credit Card,61,116736.02
86,1400,2024-06-12,1521.8173067877572,Electronics,PayPal,49,115736.65
34,1401,,,clothing,paypal,69,44048.74
89,1402,2024-05-20,367.39734522873533,Electronics,Credit Card,36,34053.65
92,1403,2024-02-10,1424.4059487254676,Clothing,PayPal,42,95412.85
23,1404,2024-01-10,779.5689948864799,Clothing,Debit Card,67,41690.13
82,1405,2023-09-13,1321.1885435449535,Clothing,Credit Card,49,107077.66
94,1406,2023-10-21,578.8842129356109,Electronics,PayPal,26,36253.92
98,1407,2023-08-28,1638.795919127435,Clothing,Debit Card,43,113833.73
82,1408,2023-09-22,892.7344500778513,Clothing,Debit Card,55,81720.1
19,1409,2023-08-10,1511.5580584462161,Groceries,Debit Card,59,115502.95
48,1410,2024-06-02,677.1800572270979,Electronics,Debit Card,30,34910.4
31,1411,2024-07-12,1162.043752450973,Clothing,Debit Card,68,70675.6
35,1412,2023-12-09,1054.9020250066583,Clothing,Credit Card,48,82131.69
96,1413,2024-06-17,1016.9872104333102,Electronics,Debit Card,51,86268.65
87,1414,2023-11-24,1298.3656989044105,Clothing,Credit Card,20,101261.78
67,1415,2024-03-20,1332.6492478747045,Groceries,Debit Card,34,109726.39
72,1416,2024-05-16,1339.430524146127,Groceries,PayPal,24,90631.62
63,1417,2023-10-16,1398.069238475037,Groceries,Credit Card,28,95947.75
28,1418,2023-10-06,1326.0658061759416,Clothing,Credit Card,55,89909.98
47,1419,2023-10-03,381.2253885491007,Clothing,Debit Card,36,22252.63
84,1420,2024-07-27,1116.3672310139227,Groceries,PayPal,38,70316.18
14,1421,2023-12-13,1523.8763136694427,Electronics,Debit Card,41,117050.69
90,1422,2024-04-21,1347.3138889171817,Groceries,Credit Card,27,91742.16
59,1423,2023-11-04,619.8133197927641,Clothing,Debit Card,39,45229.08
29,1424,2024-07-25,897.4669269315133,Electronics,PayPal,58,69944.9
84,1425,2023-11-19,1517.0451788148184,Groceries,Credit Card,49,115434.8
44,1426,2024-05-18,915.6025531531985,Electronics,Credit Card,69,51783.92
10,1427,2024-03-31,1073.5115318925175,Clothing,PayPal,63,100994.25
79,1428,2023-09-25,1209.7399393891883,Electronics,Credit Card,65,85959.95
20,1429,2024-03-08,752.2508810787202,Electronics,Credit Card,31,39237.68
79,1430,2024-03-20,509.4194043288641,Clothing,Credit Card,44,33674.65
70,1431,2024-05-10,779.3198438531101,Groceries,Credit Card,20,59472.96
60,1432,2023-09-09,513.7536295249351,Groceries,PayPal,59,28542.2
63,1433,2023-08-09,905.2562569216038,Electronics,PayPal,19,54574.44
68,1434,2024-02-09,1477.8859834696282,Electronics,PayPal,39,104547.32
10,1435,2024-01-28,1645.5401378764059,Clothing,Debit Card,18,114359.66
10,1436,2023-10-07,1668.4874504468196,Groceries,PayPal,48,118151.03
53,1437,2023-08-10,1221.564875881591,Clothing,PayPal,27,107158.14
80,1438,2023-12-21,1222.0624393889393,Groceries,PayPal,63,85868.57
83,1439,2024-02-16,799.0936845444282,Groceries,PayPal,65,67185.16
86,1440,2024-06-11,399.4626515901606,Clothing,Debit Card,23,23703.93
25,1441,2023-09-02,1438.7149765607264,Groceries,PayPal,29,111903.81
54,1442,2024-05-31,1638.95729884588,Groceries,PayPal,58,116278.46
52,1443,2024-01-23,851.5727338448266,Clothing,Credit Card,35,80244.93
45,1444,2023-09-20,618.3491903777027,Electronics,Debit Card,54,33813.33
93,1445,2023-11-30,911.3100993352567,Clothing,Credit Card,26,86196.64
54,1446,2023-09-28,1650.9235294003197,Clothing,Credit Card,60,112122.64
5,1447,2024-03-19,413.510169508404,Electronics,PayPal,62,22516.76
57,1448,2023-10-25,917.2881925209598,Groceries,Credit Card,52,47211.23
11,1449,2024-07-22,857.8274932437964,Groceries,PayPal,33,69558.57
76,1450,2023-08-24,875.3330650235754,Clothing,Debit Card,55,48064.94
29,1451,,,groceries,credit card,29,108651.43
47,1452,2023-10-22,986.9638659107061,Clothing,Credit Card,38,65729.2
29,1453,2024-03-17,1052.954677247255,Clothing,Debit Card,44,93943.44
82,1454,2023-07-31,1619.9171249149165,Electronics,Debit Card,66,119915.84
84,1455,2023-12-07,346.47965144391566,Groceries,PayPal,19,35206.99
81,1456,2023-10-18,1160.6913885879449,Clothing,PayPal,62,65995.55
20,1457,2023-09-11,503.53836109973116,Groceries,Debit Card,59,40863.97
95,1458,2024-04-30,755.875044925391,Clothing,Credit Card,51,32210.49
96,1459,2023-12-27,1019.9261513499064,Groceries,PayPal,39,70724.22
73,1460,2024-05-25,1112.4861970077934,Clothing,Credit Card,40,71859.59
59,1461,2023-11-15,1300.7150126493082,Groceries,Debit Card,37,102300.37
12,1462,2024-04-04,1146.7258181579687,Electronics,PayPal,42,69425.1
79,1463,2023-10-09,1599.1048535814664,Groceries,PayPal,68,114372.01
90,1464,2024-05-07,1350.2834397390577,Electronics,Credit Card,50,118420.24
85,1465,2024-02-25,1179.5060343632217,Clothing,Credit Card,39,114677.98
70,1466,2023-09-11,550.3332409438581,Electronics,PayPal,40,37272.81
59,1467,2024-05-28,394.37988551243234,Clothing,PayPal,41,24625.51
2,1468,2024-03-24,1052.5616430342316,Electronics,PayPal,34,81409.21
88,1469,2024-07-02,667.1712401365835,Groceries,PayPal,43,46014.91
62,1470,2023-11-18,671.4361163845468,Clothing,Debit Card,26,36096.24
55,1471,2023-09-21,374.10479720573557,Electronics,Debit Card,20,24419.79
76,1472,2023-12-09,1225.2160166008698,Groceries,Debit Card,30,115819.07
69,1473,2023-10-15,1070.2183984244734,Clothing,Debit Card,21,87809.35
56,1474,2024-01-06,760.8189218501395,Groceries,PayPal,21,50481.19
59,1475,2023-10-31,498.16909736455966,Electronics,PayPal,38,44106.86
56,1476,2024-05-02,781.6541993543984,Electronics,PayPal,46,51744.15
9,1477,2024-02-20,747.5604214324939,Clothing,PayPal,36,62663.62
6,1478,2023-09-05,876.3682572798859,Electronics,PayPal,63,59236.39
32,1479,2024-02-26,470.1293642489386,Groceries,PayPal,35,22116.03
60,1480,2024-01-04,1015.835885286263,Electronics,Debit Card,61,88544.12
71,1481,2024-01-30,1361.3897855122282,Electronics,Debit Card,33,88634.52
68,1482,2024-07-19,897.6375626515147,Electronics,PayPal,60,71040.23
78,1483,2024-01-24,1342.6442092663242,Groceries,Debit Card,20,104538.85
1,1484,2024-05-21,713.3434335623768,Clothing,Credit Card,29,66192.75
26,1485,2023-12-03,666.3753263205168,Electronics,Debit Card,50,38794.13
98,1486,2023-11-13,1521.7138992391642,Electronics,Debit Card,69,107014.81
68,1487,2024-06-27,1458.8855867245304,Electronics,Debit Card,27,117030.25
88,1488,2024-01-07,528.0774346197975,Groceries,Credit Card,29,44343.88
17,1489,2024-04-16,314.8653606773289,Groceries,Credit Card,65,22043.63
72,1490,2024-05-21,799.6710549895439,Electronics,Credit Card,20,35799.91
77,1491,2023-11-04,1226.6854529610257,Groceries,Debit Card,22,81385.95
70,1492,2024-05-28,747.3365756187136,Clothing,Credit Card,50,48167.69
22,1493,2023-08-13,1504.6078254310487,Groceries,Credit Card,62,118007.32
8,1494,2024-05-25,1193.1187245074614,Clothing,Debit Card,42,106737.85
80,1495,2024-07-02,972.2932234355849,Groceries,PayPal,65,85788.59
51,1496,2024-01-16,270.5130599324857,Clothing,Debit Card,47,21932.26
4,1497,2023-09-19,975.2699388922382,Clothing,Credit Card,56,90259.13
52,1498,2023-09-16,1041.671390035432,Groceries,Debit Card,67,98100.17
20,1499,2024-05-24,1588.599578871084,Clothing,PayPal,59,116410.68
60,1500,2024-05-19,1391.040381916435,Clothing,Debit Card,22,103237.07
46,1501,,,groceries,debit card,64,100996.9
46,1502,2023-08-26,808.9413982890175,Groceries,Debit Card,19,39265.5
93,1503,2024-01-31,847.5391782243606,Groceries,Credit Card,64,55321.64
1,1504,2023-11-12,537.7937401910702,Electronics,Debit Card,46,29220.54
8,1505,2024-07-07,253.6112448841032,Clothing,Credit Card,20,22226.92
1,1506,2023-08-15,1405.2250971320002,Clothing,PayPal,35,100899.59
65,1507,2023-10-19,1508.037301155134,Electronics,Credit Card,64,99449.14
11,1508,2023-12-21,768.9490683965532,Electronics,PayPal,32,28648.5
51,1509,2023-08-30,1182.4174261746412,Groceries,Credit Card,44,89129.54
72,1510,2024-07-17,1222.7898988044817,Electronics,Debit Card,28,111927.29
2,1511,2024-01-30,1289.2478829565569,Groceries,Debit Card,53,114031.55
90,1512,2024-04-10,362.37076314593077,Clothing,Credit Card,37,24697.67
52,1513,2024-03-30,1367.0956329062499,Groceries,Debit Card,47,114366.93
66,1514,2024-07-15,783.2623222722914,Groceries,PayPal,30,68067.75
53,1515,2023-11-03,638.5555282257344,Electronics,PayPal,18,58644.43
46,1516,2023-08-15,719.5443447716953,Electronics,Debit Card,59,44649.98
47,1517,2023-09-17,1110.551794770596,Groceries,PayPal,57,80004.1
46,1518,2023-10-04,1180.6426837558201,Clothing,PayPal,68,110298.34
60,1519,2024-06-13,909.190850697108,Clothing,Debit Card,37,64665.39
45,1520,2024-07-01,1193.2291581231004,Electronics,Credit Card,69,101929.69
50,1521,2023-11-23,1000.5379998729162,Electronics,Debit Card,47,66256.94
82,1522,2024-02-15,746.5183899298063,Groceries,Credit Card,67,42339.27
9,1523,2023-09-06,1485.2595230479906,Groceries,PayPal,25,101217.94
33,1524,2023-10-25,1399.9740109951133,Groceries,PayPal,68,95683.76
7,1525,2023-12-26,872.4867763657226,Groceries,Credit Card,63,53318.46
54,1526,2024-03-14,1226.335295128093,Clothing,Credit Card,34,90856.21
17,1527,2023-10-06,666.3801446872283,Electronics,PayPal,27,48392.61
53,1528,2023-12-24,1376.5695855769673,Clothing,Credit Card,66,113173.68
68,1529,2023-08-08,508.20762325831396,Groceries,Credit Card,33,49212.57
31,1530,2024-05-31,1042.6308152238298,Groceries,Credit Card,56,83213.67
55,1531,2023-11-09,1251.8418028328106,Electronics,Debit Card,27,98897.01
69,1532,2024-02-22,688.0022023205478,Electronics,Debit Card,51,50586.78
87,1533,2023-09-29,1261.755640196962,Groceries,Credit Card,48,100453.35
65,1534,2024-06-30,798.0481871821232,Groceries,Debit Card,50,58069.43
16,1535,2024-01-14,1440.106168606145,Clothing,PayPal,62,96611.32
3,1536,2024-06-03,923.4565248817837,Clothing,Debit Card,31,75617.54
88,1537,2024-01-31,1213.8777849023643,Electronics,Debit Card,39,102884.11
27,1538,2024-02-01,1476.3723714218472,Electronics,Credit Card,36,97964.22
79,1539,2024-04-04,1131.4297007381097,Electronics,Debit Card,62,87591.56
62,1540,2024-06-17,1088.2917399651,Groceries,Credit Card,30,89994.92
87,1541,2023-09-17,1132.0438858594698,Groceries,Credit Card,33,98510.54
57,1542,2023-09-30,968.6735077300324,Clothing,Credit Card,39,60755.69
36,1543,2023-12-31,1227.2338949226382,Groceries,Debit Card,48,70756.46
41,1544,2024-06-17,1160.0490862268075,Electronics,Debit Card,19,80390.15
76,1545,2023-08-24,841.2707279662375,Electronics,Credit Card,67,60655.58
64,1546,2023-09-28,694.6957184746502,Electronics,Credit Card,67,34865.87
82,1547,2024-06-15,687.3890886437132,Clothing,PayPal,24,58964.52
34,1548,2024-01-12,785.8757062354049,Groceries,Debit Card,57,63076.94
43,1549,2024-05-18,414.6355877166046,Groceries,PayPal,62,21654.06
24,1550,2024-07-17,1531.1579308588052,Electronics,PayPal,65,102072.58
28,1551,,,groceries,debit card,54,77699.48
2,1552,2024-01-02,741.7982398295895,Electronics,Debit Card,43,44434.9
76,1553,2024-04-17,418.30017010208013,Electronics,Credit Card,58,27527.4
45,1554,2023-08-24,873.849177095722,Clothing,PayPal,45,69894.74
70,1555,2023-08-31,841.1806832754729,Electronics,Credit Card,21,79811.26
4,1556,2023-10-11,952.4308057193944,Electronics,Credit Card,44,76103.94
42,1557,2024-04-20,920.5134960841243,Electronics,Debit Card,65,53811.19
14,1558,2023-09-27,1593.6904763754358,Clothing,Debit Card,66,106179.23
79,1559,2024-07-18,854.1966335546055,Groceries,Debit Card,27,44137.69
67,1560,2024-07-07,1437.07608016171,Electronics,PayPal,52,97157.5
24,1561,2024-03-13,1389.704148797165,Groceries,Credit Card,47,118848.09
70,1562,2024-06-19,636.8464571410282,Groceries,PayPal,50,25965.9
30,1563,2024-06-01,1253.132636800551,Groceries,Credit Card,33,94685.55
100,1564,2024-04-05,727.0063127124351,Electronics,Debit Card,19,48542.11
60,1565,2024-04-13,1460.5401191582366,Groceries,Debit Card,43,95488.07
89,1566,2024-06-19,1649.5289518344982,Electronics,Debit Card,29,115873.28
86,1567,2024-05-08,904.308980573534,Electronics,PayPal,19,48771.1
65,1568,2023-12-01,1092.284425700054,Groceries,PayPal,45,98573.66
85,1569,2024-07-17,1469.0533153831743,Electronics,Credit Card,29,112667.11
85,1570,2024-05-22,1085.0204471404018,Groceries,Debit Card,61,64605.16
9,1571,2023-08-27,1499.0689314338713,Groceries,Credit Card,31,116513.82
97,1572,2023-10-22,1414.4612403169428,Clothing,Debit Card,52,94028.99
65,1573,2024-05-07,964.7627336410277,Groceries,Debit Card,69,61703.31
42,1574,2024-04-13,900.0000266440962,Electronics,Debit Card,66,43647.45
70,1575,2024-06-16,1354.4900411293297,Groceries,Debit Card,68,105887.05
18,1576,2023-08-28,689.8010702602286,Groceries,Credit Card,69,26547.32
52,1577,2024-03-21,1517.3535090947557,Clothing,Credit Card,44,103375.51
97,1578,2024-05-22,1174.8877455088755,Clothing,Credit Card,50,72750.98
44,1579,2023-10-21,575.2406607182475,Electronics,Credit Card,18,56070.26
34,1580,2023-12-18,1041.7749184268105,Clothing,Credit Card,25,70481.6
53,1581,2024-02-06,1190.9515126874146,Electronics,Credit Card,25,73832.04
55,1582,2024-05-15,1231.139992956775,Clothing,Credit Card,37,101535.45
56,1583,2024-01-22,565.3838599359076,Electronics,PayPal,31,54413.41
47,1584,2024-06-24,936.8378966265697,Groceries,Credit Card,67,37175.9
59,1585,2024-07-14,477.3781166830253,Electronics,Debit Card,21,37916.3
10,1586,2023-09-09,1181.986343035336,Electronics,Debit Card,51,71730.75
30,1587,2023-08-22,1213.8192491142245,Clothing,Debit Card,41,102466.71
58,1588,2023-08-21,1322.8034501247525,Clothing,Debit Card,36,96652.79
95,1589,2024-07-22,1008.2592906573285,Groceries,Debit Card,26,81439.54
8,1590,2024-02-25,449.1645342473204,Electronics,Debit Card,45,36230.34
35,1591,2024-07-04,717.0031489973633,Electronics,Credit Card,27,47183.22
13,1592,2024-03-06,1238.3308182533533,Electronics,PayPal,41,111236.11
79,1593,2023-12-05,431.87781302880046,Clothing,Credit Card,61,22666.11
72,1594,2023-10-28,913.2718952146189,Groceries,PayPal,26,70425.1
61,1595,2023-08-05,1136.551689512546,Electronics,Debit Card,59,99771.21
45,1596,2024-03-02,1213.2541983126355,Electronics,PayPal,33,102568.08
45,1597,2023-12-25,346.47044442067806,Electronics,Credit Card,40,32072.58
98,1598,2023-09-01,811.5346798587395,Groceries,PayPal,23,70419.74
70,1599,2024-01-11,1075.5323803265196,Electronics,Credit Card,58,72487.37
53,1600,2024-01-01,534.18654237007,Clothing,Credit Card,43,31882.29
16,1601,,,clothing,debit card,45,56530.93
98,1602,2024-05-31,855.6318214612389,Groceries,Debit Card,27,74537.22
77,1603,2024-04-16,764.853098165672,Groceries,Credit Card,43,53730.25
24,1604,2023-10-08,1276.228920618048,Clothing,Credit Card,36,95258.75
94,1605,2024-01-26,746.4956902695714,Groceries,Credit Card,33,59505.25
92,1606,2023-11-10,505.17520099177426,Groceries,PayPal,22,32540.65
94,1607,2024-01-13,933.0654783158175,Clothing,PayPal,49,81823.11
15,1608,2023-08-01,782.8010689701191,Groceries,Debit Card,19,26969.77
21,1609,2024-05-02,546.2746650782619,Electronics,PayPal,30,49075.58
37,1610,2023-11-19,1453.4854755779095,Electronics,PayPal,44,102014.25
92,1611,2023-12-22,1088.4053873092587,Electronics,PayPal,33,59905.07
89,1612,2024-05-12,892.5331606542919,Groceries,PayPal,61,43444.22
65,1613,2023-10-04,1001.9518938387904,Electronics,Debit Card,43,73304.4
75,1614,2024-05-05,623.6125044970894,Clothing,PayPal,50,26783.84
70,1615,2024-03-22,1327.6290606824246,Groceries,PayPal,67,85442.6
21,1616,2024-02-01,987.3568719110165,Groceries,PayPal,28,64414.56
11,1617,2023-08-26,1046.9252115157892,Clothing,PayPal,61,79190.45
8,1618,2024-01-19,1406.3539492309721,Clothing,Credit Card,34,97564.19
46,1619,2024-07-13,918.5089337908861,Electronics,PayPal,54,53136.35
45,1620,2024-04-28,1454.138192233093,Clothing,Debit Card,20,115005.91
24,1621,2024-06-05,898.4721460913057,Groceries,Credit Card,42,66642.26
46,1622,2024-07-09,619.5792010922485,Electronics,Credit Card,48,25151.36
12,1623,2024-01-01,913.4047522459692,Electronics,PayPal,23,66469.51
54,1624,2024-03-31,1249.2236701405236,Groceries,Credit Card,19,95376.62
91,1625,2023-11-30,1343.5230638952116,Groceries,Debit Card,49,116197.97
15,1626,2024-04-23,961.4897604950465,Groceries,Debit Card,68,56624.04
22,1627,2023-12-14,579.2461649272257,Groceries,PayPal,45,42424.81
82,1628,2023-09-11,430.73270162697935,Electronics,PayPal,33,20769.82
90,1629,2023-11-05,1109.9863167480942,Electronics,Debit Card,44,73265.24
65,1630,2023-08-26,1514.2623402630725,Electronics,Debit Card,23,108950.65
54,1631,2023-12-17,653.4846707798325,Electronics,Debit Card,38,38985.77
42,1632,2023-10-02,813.0565411444453,Groceries,Debit Card,52,59277.3
35,1633,2023-12-10,1340.786765572234,Electronics,Credit Card,42,88297.71
10,1634,2023-10-21,926.478873176016,Electronics,Credit Card,40,72844.3
49,1635,2023-09-22,949.226429007927,Electronics,PayPal,24,90920.59
59,1636,2024-05-09,796.2935307510954,Electronics,Debit Card,54,73890.32
10,1637,2024-06-22,738.4818123508377,Groceries,PayPal,26,52392.16
74,1638,2024-04-17,923.9113361406299,Groceries,Debit Card,42,82311.9
82,1639,2023-12-06,754.3205333143965,Groceries,Credit Card,34,53055.97
74,1640,2024-02-24,1061.931962242579,Clothing,PayPal,47,76227.67
25,1641,2024-03-21,1084.8279385558794,Clothing,Credit Card,59,88826.96
76,1642,2023-12-12,512.7569248814223,Clothing,PayPal,63,29897.21
12,1643,2023-12-17,1194.0882007286546,Groceries,PayPal,20,82959.82
69,1644,2023-10-14,1451.2657126914553,Groceries,PayPal,63,94492.67
86,1645,2024-04-27,619.8851194198818,Clothing,Debit Card,41,20847.56
81,1646,2023-08-14,1404.255116267241,Groceries,PayPal,30,93632.27
11,1647,2024-05-30,425.34658032107563,Clothing,PayPal,58,34388.97
25,1648,2023-08-25,1054.9870585733388,Electronics,Debit Card,21,61012.37
98,1649,2024-05-12,896.3056318409191,Electronics,Debit Card,68,75197.59
63,1650,2023-12-15,714.0132748470895,Electronics,Credit Card,56,67954.32
30,1651,,,electronics,debit card,26,75306.24
3,1652,2024-05-10,866.5642285046673,Electronics,Credit Card,27,71080.97
16,1653,2024-04-04,957.5028618385046,Groceries,Debit Card,28,68930.78
78,1654,2024-05-30,891.159299767111,Clothing,Credit Card,20,61835.74
63,1655,2024-01-10,1470.3584721952875,Electronics,PayPal,49,106731.06
5,1656,2024-06-05,1474.291399051627,Electronics,Debit Card,34,105903.04
70,1657,2023-08-31,722.6594881726569,Electronics,Credit Card,41,40823.75
40,1658,2024-01-20,1084.4546231944244,Electronics,Debit Card,43,103584.84
30,1659,2023-10-11,590.1829485093222,Electronics,Credit Card,59,29300.75
53,1660,2023-11-03,831.1893341382789,Electronics,PayPal,58,61476.1
90,1661,2024-04-12,957.2464262058645,Clothing,Credit Card,45,82005.88
51,1662,2023-09-01,936.9615598009967,Electronics,PayPal,41,68484.38
8,1663,2023-10-29,1122.3276221170809,Groceries,PayPal,60,59775.4
68,1664,2023-07-31,389.5783454801332,Clothing,Credit Card,40,33289.35
37,1665,2024-05-02,1133.9049837191524,Clothing,Credit Card,32,89240.04
23,1666,2024-03-22,1204.3058157040819,Electronics,PayPal,46,77316.93
85,1667,2024-04-26,1174.0981781976618,Groceries,PayPal,56,65131.84
46,1668,2024-07-21,1161.7223833908276,Electronics,Credit Card,58,69740.02
55,1669,2024-06-04,1164.1109269241601,Clothing,Debit Card,36,72056.27
63,1670,2023-12-25,851.9938244769143,Electronics,Debit Card,30,68025.09
41,1671,2023-10-18,1184.203358053847,Electronics,PayPal,29,69015.08
21,1672,2024-05-28,907.9266177369298,Electronics,Debit Card,63,63510.99
37,1673,2024-02-20,678.0739703113172,Groceries,Credit Card,45,25102.99
53,1674,2023-09-17,1409.2540285332843,Electronics,Credit Card,63,96300.58
44,1675,2024-05-27,636.2999821054631,Groceries,PayPal,61,44578.19
75,1676,2023-10-20,883.6217375095641,Electronics,PayPal,56,81557.8
96,1677,2023-09-03,1328.1332610020831,Clothing,PayPal,26,100607.8
61,1678,2023-10-15,732.5016737233705,Clothing,Credit Card,61,42886.37
78,1679,2023-11-20,1531.359579284273,Electronics,PayPal,67,109697.83
36,1680,2024-01-18,888.815016406527,Electronics,Debit Card,37,62149.04
53,1681,2024-03-14,1110.37543527495,Electronics,PayPal,53,104938.21
59,1682,2023-09-03,1345.7192128576332,Electronics,Debit Card,65,90469.86
8,1683,2023-08-06,398.0897197199133,Electronics,Debit Card,50,28825.7
69,1684,2024-04-04,1408.7691151948095,Groceries,Debit Card,64,97288.78
68,1685,2023-11-29,429.66260324224623,Groceries,Credit Card,40,35035.26
64,1686,2023-09-18,801.1520628854898,Groceries,Debit Card,19,73970.8
53,1687,2024-07-17,1322.762546956608,Clothing,Debit Card,19,99658.03
54,1688,2023-10-14,1165.531643742857,Clothing,Credit Card,57,78797.28
31,1689,2023-09-01,468.7512710838759,Electronics,PayPal,30,33282.73
31,1690,2023-08-27,697.2851305503463,Electronics,PayPal,33,45552.24
82,1691,2024-03-27,522.0136756573083,Clothing,PayPal,62,31154.27
4,1692,2023-10-06,1006.9112388938054,Clothing,Credit Card,43,66031.25
91,1693,2023-12-30,396.60162397444174,Clothing,Credit Card,38,33221.83
75,1694,2024-04-13,1036.1629318555185,Clothing,Debit Card,18,82543.32
64,1695,2023-12-05,766.4643151486017,Groceries,Debit Card,37,49421.78
10,1696,2024-02-13,1286.6053774185839,Electronics,Debit Card,38,105070.71
80,1697,2024-02-10,1257.2238179627752,Clothing,Credit Card,52,102433.21
28,1698,2023-12-18,348.5240377794025,Groceries,PayPal,38,27984.24
5,1699,2023-09-15,1507.9940927711127,Groceries,PayPal,43,116323.81
75,1700,2023-08-23,303.80000356723485,Electronics,PayPal,65,23897.32
76,1701,,,groceries,debit card,46,74709.45
28,1702,2024-01-07,1284.5615917794548,Groceries,PayPal,20,115731.02
86,1703,2023-08-28,990.6692334264732,Groceries,Debit Card,67,52327.1
78,1704,2024-03-23,822.7686865781416,Electronics,Credit Card,42,54501.4
22,1705,2023-09-08,812.3604637187918,Groceries,Debit Card,44,41201.21
42,1706,2024-07-12,709.8309581408843,Clothing,Debit Card,42,49417.24
51,1707,2024-07-12,1069.6894156009878,Clothing,Debit Card,50,77744.34
9,1708,2023-10-23,814.7319644704053,Groceries,Debit Card,48,44268.71
33,1709,2024-04-13,1033.3844993845457,Groceries,Debit Card,45,51099.23
38,1710,2024-03-29,538.8951095781078,Electronics,Debit Card,48,34918.16
40,1711,2023-10-24,1569.6175496728554,Electronics,PayPal,57,110203.67
86,1712,2024-06-28,587.2189565459977,Electronics,Credit Card,47,52637.22
23,1713,2024-06-01,938.4051049742875,Clothing,Credit Card,22,82576.95
97,1714,2024-01-27,1206.730393839167,Electronics,Credit Card,22,94097.65
78,1715,2024-01-28,1066.8099449374336,Electronics,Credit Card,37,57871.58
98,1716,2023-10-16,1561.9076168428594,Electronics,PayPal,37,114136.15
56,1717,2023-10-25,1373.0209655821957,Clothing,Debit Card,46,118041.04
34,1718,2024-04-17,993.7165640109394,Clothing,PayPal,69,78537.94
47,1719,2024-07-22,881.6380280689203,Clothing,Credit Card,57,48397.25
79,1720,2023-09-12,912.0879408975129,Clothing,PayPal,43,81364.56
93,1721,2023-12-11,830.9902736342341,Electronics,PayPal,42,80653.89
82,1722,2024-07-10,744.2305904236141,Clothing,Credit Card,55,39986.46
33,1723,2024-03-24,1389.8722316221777,Electronics,Credit Card,36,104567.33
67,1724,2024-01-22,552.5460534518422,Groceries,PayPal,52,38461.17
86,1725,2024-05-28,1105.846559534909,Clothing,Credit Card,36,72572.99
66,1726,2023-10-15,609.2967616607167,Electronics,Credit Card,69,51383.15
5,1727,2024-04-25,1050.0670280837528,Electronics,Credit Card,24,96152.29
89,1728,2024-07-14,1178.3255726514376,Electronics,PayPal,68,106352.03
90,1729,2023-09-29,869.8157159243914,Clothing,Debit Card,69,46810.83
65,1730,2023-12-02,1605.7222214578271,Electronics,Credit Card,22,119750.35
59,1731,2023-09-11,1585.2423393993736,Electronics,PayPal,44,112687.73
32,1732,2024-03-05,787.4063601602081,Clothing,Debit Card,40,53460.11
53,1733,2023-08-07,1562.8750553760465,Electronics,PayPal,67,111118.79
7,1734,2024-05-27,921.3382956905893,Clothing,PayPal,53,80765.98
87,1735,2024-06-01,863.4165541239278,Clothing,Credit Card,31,35463.51
52,1736,2024-01-08,1117.3985434402339,Electronics,Debit Card,49,100334.97
64,1737,2024-06-29,1117.8701863423917,Clothing,PayPal,64,89735.54
44,1738,2024-04-26,1247.4616737879062,Clothing,PayPal,30,117833.02
74,1739,2023-11-20,1167.1407378581393,Electronics,Credit Card,42,68446.33
57,1740,2023-11-11,865.5340998846631,Electronics,PayPal,31,42110.47
100,1741,2024-05-19,996.3570832356124,Groceries,Debit Card,39,61090.57
61,1742,2024-05-09,1564.7206966445656,Electronics,Debit Card,65,113710.7
10,1743,2024-06-26,1477.4375980550574,Groceries,Credit Card,42,103479.5
72,1744,2023-12-13,895.5169278837018,Groceries,PayPal,33,50791.54
15,1745,2024-03-22,484.02941701164895,Electronics,Debit Card,23,29961.06
47,1746,2024-06-06,1014.9434281119695,Electronics,Credit Card,58,92161.09
29,1747,2023-08-10,651.531748379465,Groceries,Debit Card,61,26520.74
46,1748,2023-08-08,716.7213291324375,Electronics,PayPal,31,42998.09
75,1749,2024-01-11,965.5114287303356,Electronics,Debit Card,51,47181.26
94,1750,2024-03-31,1405.1513582927012,Groceries,PayPal,56,95554.45
56,1751,,,groceries,paypal,36,47649.49
30,1752,2024-05-28,1089.9833878761874,Clothing,Credit Card,61,65188.43
69,1753,2023-10-14,666.4852929615039,Groceries,Debit Card,27,22772.42
72,1754,2024-03-04,1283.5033010830919,Groceries,Credit Card,40,95029.2
95,1755,2024-03-09,465.53625794313496,Clothing,Credit Card,26,37282.49
4,1756,2023-12-21,632.4677097669527,Electronics,Debit Card,20,27666.02
46,1757,2024-02-24,634.3254388028427,Groceries,Debit Card,33,27864.94
61,1758,2023-08-25,317.9265867376916,Electronics,Debit Card,27,22877.63
9,1759,2024-05-02,943.2122165561949,Electronics,Credit Card,29,92516.12
56,1760,2024-05-21,807.6062977865591,Electronics,Debit Card,41,64099.65
79,1761,2024-02-10,830.2366641680949,Clothing,Credit Card,30,65285.16
87,1762,2023-11-03,1051.5249979484759,Electronics,PayPal,29,70246.79
79,1763,2024-04-06,1558.37297940698,Clothing,Credit Card,64,114171.16
73,1764,2024-02-29,739.6880499805624,Clothing,Credit Card,67,36532.7
12,1765,2024-02-04,1262.892761690948,Electronics,Credit Card,36,91722.67
48,1766,2023-12-06,1300.1179586864787,Groceries,PayPal,44,104622.66
36,1767,2024-06-14,1281.0678595048812,Groceries,Credit Card,67,97035.99
89,1768,2023-12-05,1177.7712081472343,Clothing,Credit Card,59,67264.93
76,1769,2024-02-06,871.6777974075419,Groceries,PayPal,23,84533.18
82,1770,2023-12-07,1481.3791582449326,Electronics,PayPal,19,111143.6
56,1771,2023-11-27,1425.0341267009915,Clothing,Credit Card,51,101618.61
93,1772,2023-12-05,1387.4290222899801,Clothing,PayPal,50,106529.53
18,1773,2024-04-18,764.2397407725101,Electronics,Credit Card,66,32834.91
69,1774,2024-04-20,1008.0657555741069,Groceries,PayPal,37,93263.95
71,1775,2024-01-01,1006.8924111355626,Clothing,Credit Card,31,75099.14
6,1776,2023-12-21,690.2053722493425,Electronics,Debit Card,21,56118.08
46,1777,2023-11-20,1299.9051134783379,Clothing,PayPal,52,98614.14
13,1778,2023-10-19,1314.1039004437434,Groceries,PayPal,54,87653.23
49,1779,2023-09-27,1220.8356091960243,Groceries,PayPal,56,113917.71
3,1780,2024-03-27,1057.1695230419593,Clothing,PayPal,62,60229.61
16,1781,2023-09-29,544.9525851314398,Groceries,PayPal,18,33989.18
78,1782,2024-03-07,1378.5655135465545,Electronics,Debit Card,40,87802.68
50,1783,2023-11-07,1034.3347829950758,Groceries,Debit Card,49,77404.82
62,1784,2023-10-29,1264.6183242877091,Groceries,PayPal,38,89209.24
30,1785,2024-05-04,747.428749629908,Clothing,PayPal,58,65152.77
9,1786,2023-10-23,1079.970088863877,Groceries,Debit Card,43,54657.72
16,1787,2024-07-16,1212.71982373735,Electronics,Debit Card,69,67961.42
19,1788,2024-07-09,905.7265445949346,Clothing,Credit Card,46,84037.69
52,1789,2023-12-07,945.9612483515934,Clothing,Debit Card,28,78133.49
67,1790,2024-01-17,750.3499214903729,Electronics,PayPal,41,60708.5
76,1791,2023-08-16,1267.7865918487817,Clothing,PayPal,45,71403.27
43,1792,2024-01-09,1089.8676730910147,Clothing,Debit Card,24,68373.93
31,1793,2024-05-02,824.1963688274536,Electronics,Credit Card,62,59242.82
93,1794,2023-11-27,795.2459227577085,Electronics,PayPal,66,46680.92
74,1795,2023-11-06,1344.9056983106461,Electronics,Credit Card,66,89620.93
38,1796,2023-08-15,1176.137554248103,Groceries,Debit Card,28,69983.96
28,1797,2023-11-16,1112.735998540886,Groceries,PayPal,29,94875.49
16,1798,2024-05-25,1156.8317398121717,Electronics,PayPal,27,92450.13
50,1799,2024-07-04,248.7897979488757,Groceries,Debit Card,30,21828.45
4,1800,2024-03-06,868.1494277988828,Clothing,Debit Card,56,43219.62
51,1801,,,electronics,paypal,44,108071.1
25,1802,2024-07-12,1314.4490459644605,Clothing,PayPal,61,92216.59
1,1803,2024-07-04,967.4849510273734,Groceries,Debit Card,55,81134.28
83,1804,2023-09-06,1641.570287098189,Electronics,Credit Card,55,116014.98
27,1805,2023-12-12,675.1275227506833,Electronics,Debit Card,53,59217.03
28,1806,2023-09-20,1520.64976993886,Groceries,Debit Card,21,116917.84
68,1807,2023-08-16,1264.7194832809384,Clothing,Credit Card,29,116201.67
89,1808,2023-10-01,1016.7265236617704,Clothing,Credit Card,62,63097.27
67,1809,2023-10-17,537.8223705378414,Electronics,Credit Card,22,26814.34
68,1810,2024-02-10,1109.6028490724573,Groceries,Credit Card,19,82291.46
40,1811,2024-06-24,467.90945768031486,Groceries,Credit Card,68,31711.94
8,1812,2024-03-19,596.8178976499165,Electronics,Debit Card,43,29815.85
83,1813,2024-03-17,1022.8477454474553,Groceries,Debit Card,55,84558.72
86,1814,2024-05-12,1477.9698836377868,Clothing,Debit Card,37,111407.57
94,1815,2024-07-02,724.6484879978619,Groceries,Credit Card,64,31893.17
71,1816,2024-07-25,1356.0889402242888,Clothing,Debit Card,48,118088.03
86,1817,2023-09-10,406.4740079944668,Groceries,PayPal,34,37030.01
31,1818,2023-08-20,1283.3629272398964,Electronics,Credit Card,68,108401.43
5,1819,2024-04-18,1191.543820127595,Groceries,PayPal,36,100291.4
41,1820,2024-02-03,629.8923821694398,Groceries,Debit Card,52,42655.97
22,1821,2024-03-17,755.2899049403935,Groceries,Credit Card,20,65566.18
49,1822,2024-07-21,798.2838307647913,Groceries,Debit Card,22,41262.12
10,1823,2024-04-23,1054.331702167246,Clothing,Debit Card,58,69535.69
52,1824,2023-10-15,1435.7604711248648,Electronics,PayPal,53,119737.68
10,1825,2024-02-26,1140.9489330772203,Clothing,Credit Card,59,77516.51
76,1826,2023-11-20,1481.8090716594145,Clothing,Credit Card,33,108295.2
32,1827,2024-03-30,1180.258378027922,Groceries,Credit Card,21,85714.97
44,1828,2023-11-30,1169.8677917236664,Groceries,PayPal,20,85035.35
40,1829,2024-01-25,832.5997847293071,Clothing,PayPal,58,68998.25
54,1830,2023-08-31,1341.6149281079977,Groceries,Debit Card,65,97201.31
28,1831,2023-09-06,1200.8214721684014,Electronics,PayPal,50,72913.18
7,1832,2024-07-01,856.0373961517464,Groceries,PayPal,28,53267.73
52,1833,2023-10-05,1564.016074331829,Groceries,Debit Card,67,110216.43
92,1834,2023-10-20,606.9850491837587,Clothing,Debit Card,61,40576.7
60,1835,2023-11-29,1531.4023083384907,Electronics,Credit Card,32,114750.37
33,1836,2023-12-06,888.9497118488109,Electronics,PayPal,55,70832.44
84,1837,2024-06-23,1045.63469879561,Groceries,Credit Card,41,66179.26
60,1838,2024-03-12,1140.5437096003,Clothing,Credit Card,47,91667.48
58,1839,2023-09-22,993.2998387431313,Groceries,PayPal,33,83228.86
56,1840,2023-08-28,1027.5394692162608,Clothing,Debit Card,39,67705.43
72,1841,2023-12-17,1493.6597305826517,Clothing,Debit Card,34,115575.85
26,1842,2023-11-10,1158.6500490334001,Groceries,Debit Card,56,111355.11
61,1843,2024-02-17,936.8946674283014,Electronics,PayPal,34,86007.36
90,1844,2023-09-20,904.4690621062921,Groceries,PayPal,54,45938.25
79,1845,2024-06-14,750.4267155683281,Groceries,Credit Card,37,62924.65
24,1846,2024-04-02,1667.3628868764386,Groceries,Debit Card,39,116724.84
5,1847,2024-01-16,709.5097489104058,Clothing,Credit Card,60,26894.56
76,1848,2024-05-16,1394.9685489978547,Electronics,Credit Card,36,97033.93
7,1849,2024-01-28,870.451681703101,Groceries,Debit Card,46,68316.67
4,1850,2023-08-31,931.4770932979661,Clothing,PayPal,34,84471.89
16,1851,,,groceries,debit card,52,50186.89
85,1852,2024-01-07,1027.7594775517196,Groceries,Credit Card,55,78908.42
89,1853,2024-07-03,1146.7729867947317,Clothing,Credit Card,53,92094.97
8,1854,2024-03-09,725.0689741249936,Clothing,Credit Card,66,25165.53
4,1855,2023-12-17,1074.8327935106163,Electronics,PayPal,58,101060.3
45,1856,2023-10-26,482.6310155321336,Electronics,Debit Card,23,29786.56
44,1857,2024-07-26,430.71158402924794,Groceries,Debit Card,58,25907.51
61,1858,2023-11-08,611.3546683852157,Clothing,Credit Card,41,47646.05
33,1859,2024-05-06,575.7426669149282,Electronics,Debit Card,43,41920.46
72,1860,2024-01-30,832.6810770611073,Electronics,Credit Card,47,79126.15
35,1861,2024-06-28,481.57920252222823,Clothing,PayPal,49,35002.87
84,1862,2024-01-09,1409.338056970261,Electronics,Credit Card,19,97199.67
90,1863,2023-12-11,374.45851425466367,Electronics,Debit Card,45,22248.57
81,1864,2024-02-03,1300.5941458837908,Electronics,PayPal,68,109688.4
5,1865,2024-04-30,1048.6150678537115,Groceries,PayPal,37,89794.76
48,1866,2024-05-03,702.914800739429,Electronics,Credit Card,37,34208.01
42,1867,2024-05-14,1063.7662755145327,Groceries,Credit Card,32,83060.8
61,1868,2024-04-14,1316.5134830569325,Clothing,Debit Card,29,89787.18
22,1869,2023-12-20,515.7222129456171,Groceries,Debit Card,31,37998.23
10,1870,2023-09-17,1115.564300266861,Clothing,PayPal,35,76950.87
41,1871,2024-04-01,1122.8440762480666,Electronics,PayPal,68,84112.74
53,1872,2023-09-15,649.0550201506528,Electronics,Debit Card,67,38636.76
50,1873,2023-08-13,908.4944482870649,Electronics,Debit Card,35,46383.07
2,1874,2024-05-23,754.0290891434793,Groceries,PayPal,48,54670.97
68,1875,2024-03-23,1118.4073962233422,Groceries,Credit Card,37,104293.68
38,1876,2024-04-24,514.750202936411,Groceries,PayPal,25,46723.87
53,1877,2023-12-20,590.9694701158633,Electronics,Credit Card,67,21337.21
62,1878,2023-12-21,944.4332967831166,Electronics,Credit Card,18,62062.09
48,1879,2023-09-11,731.420274419377,Groceries,Debit Card,63,66978.92
72,1880,2023-11-04,1190.2426588868484,Clothing,Credit Card,18,84687.83
33,1881,2023-12-09,1230.8986873484498,Electronics,Debit Card,47,77879.84
61,1882,2024-06-05,381.26989695538873,Clothing,PayPal,29,32608.83
5,1883,2024-07-03,1074.6549306857494,Groceries,PayPal,28,69336.1
100,1884,2024-02-10,346.15050253117465,Clothing,PayPal,21,20706.28
54,1885,2023-10-08,1233.1141892111043,Clothing,Debit Card,30,111138.38
51,1886,2024-02-26,333.99455346183964,Clothing,PayPal,57,26410.72
54,1887,2023-10-21,1195.886378602901,Electronics,Credit Card,44,119228.87
82,1888,2024-04-10,1073.9244855708914,Clothing,Credit Card,60,64269.32
6,1889,2023-08-04,1277.2617418077762,Clothing,Credit Card,27,83674.47
46,1890,2023-10-16,1593.6021762091177,Clothing,Debit Card,38,117927.16
62,1891,2024-03-19,758.1530384175716,Electronics,PayPal,38,51037.33
27,1892,2024-03-11,1170.1757006245994,Electronics,Credit Card,37,99279.77
16,1893,2023-09-15,808.1582465882982,Groceries,Debit Card,23,32224.2
100,1894,2024-02-01,796.2180038958337,Electronics,Debit Card,59,41842.45
92,1895,2023-12-15,330.31422236319037,Clothing,Credit Card,60,25218.25
42,1896,2024-01-25,1258.0180841471906,Electronics,Credit Card,51,71644.33
29,1897,2023-11-16,1036.920928204477,Groceries,Debit Card,26,90616.54
99,1898,2024-07-29,752.3615850376053,Clothing,Debit Card,33,50597.42
20,1899,2023-12-08,1632.1760986517427,Groceries,PayPal,68,112684.86
18,1900,2023-10-29,1072.1949161248965,Groceries,Debit Card,36,102300.75
86,1901,,,groceries,debit card,61,117368.91
60,1902,2023-10-03,994.1223207165576,Groceries,Credit Card,64,54207.18
8,1903,2024-05-16,1275.0277953282605,Electronics,PayPal,21,99186.19
53,1904,2024-01-07,868.4126561306252,Clothing,PayPal,40,44140.79
50,1905,2024-04-10,849.7297617540246,Groceries,Debit Card,48,46155.56
78,1906,2024-03-28,733.2003285952487,Electronics,Debit Card,42,68539.0
99,1907,2023-12-26,688.8896202635146,Electronics,Debit Card,50,24334.67
84,1908,2024-07-18,1219.661049654603,Electronics,Credit Card,45,118252.35
81,1909,2023-08-25,724.9489282851075,Groceries,PayPal,53,25496.64
58,1910,2023-11-17,1298.4932533970577,Groceries,PayPal,43,106751.31
29,1911,2024-01-29,1588.295099425004,Electronics,Credit Card,36,108619.42
28,1912,2023-11-16,1212.1331199137667,Groceries,PayPal,23,75807.89
29,1913,2024-06-14,1589.9975009828058,Clothing,PayPal,52,108181.8
27,1914,2023-11-15,773.9996973886877,Groceries,PayPal,37,47523.36
54,1915,2024-02-04,713.5866675662132,Electronics,Debit Card,31,39068.52
48,1916,2023-10-08,1343.5501911353851,Electronics,PayPal,65,98573.77
1,1917,2023-08-27,1026.1267452933712,Groceries,PayPal,32,85521.72
31,1918,2023-11-13,1341.4467371778317,Clothing,PayPal,68,95899.79
54,1919,2023-09-22,1048.7178450726758,Electronics,PayPal,45,62350.33
13,1920,2024-01-13,1142.7316585415379,Electronics,PayPal,60,108182.87
97,1921,2024-05-03,757.9263237538457,Groceries,Credit Card,67,51176.44
61,1922,2023-10-02,412.66261169935945,Electronics,Credit Card,43,38634.72
83,1923,2023-08-07,1618.6595083823909,Electronics,Debit Card,36,117369.65
25,1924,2024-03-24,1055.7158747930946,Groceries,PayPal,34,57672.68
19,1925,2023-08-29,1194.2854852019022,Electronics,PayPal,65,83990.07
34,1926,2024-03-13,1250.5423869202336,Groceries,PayPal,62,94717.32
49,1927,2024-06-28,641.5998353288397,Groceries,Debit Card,37,53502.93
59,1928,2024-01-31,1544.7043206595324,Electronics,PayPal,57,109570.97
29,1929,2024-03-08,1127.4080236367777,Clothing,Credit Card,61,98273.32
29,1930,2023-08-04,1096.1590616611347,Electronics,PayPal,48,98721.13
19,1931,2024-02-24,1323.0447114544754,Electronics,Debit Card,36,85983.67
6,1932,2023-11-20,671.6019387463397,Electronics,PayPal,50,38782.78
91,1933,2023-11-30,971.2643638738696,Electronics,PayPal,18,72163.03
61,1934,2023-08-29,770.6004738876667,Groceries,PayPal,58,56977.77
90,1935,2023-09-14,856.2629115602613,Electronics,Credit Card,22,81002.15
95,1936,2024-02-16,1261.419850356811,Groceries,PayPal,45,85576.06
8,1937,2023-08-27,1245.1450117281502,Clothing,Credit Card,61,119311.14
82,1938,2024-01-30,1079.7311554559913,Electronics,PayPal,55,62616.67
96,1939,2023-11-25,850.6622057060582,Groceries,Credit Card,31,37843.35
72,1940,2024-04-27,959.8658403305416,Clothing,Credit Card,48,63049.49
47,1941,2023-10-17,840.8211842429841,Clothing,Debit Card,69,63775.15
18,1942,2024-07-02,692.5380131397947,Groceries,Credit Card,50,37494.84
68,1943,2023-11-24,1156.680713287666,Clothing,Debit Card,68,84045.51
94,1944,2023-10-28,695.0052615226829,Clothing,Debit Card,38,63003.8
14,1945,2024-02-10,1378.3545821045245,Clothing,Debit Card,66,114876.51
1,1946,2023-08-23,1129.7493650911358,Electronics,PayPal,44,60415.45
55,1947,2024-05-01,317.65316197989586,Electronics,PayPal,34,21497.65
5,1948,2024-05-12,599.1932812964496,Clothing,PayPal,33,34089.18
9,1949,2023-09-06,574.4537917189065,Groceries,Debit Card,65,28951.77
40,1950,2023-08-19,1076.647333342093,Electronics,Credit Card,37,82914.35
16,1951,,,clothing,paypal,54,108619.25
57,1952,2024-06-01,879.9648522802805,Clothing,Credit Card,56,58930.95
62,1953,2023-08-23,545.4310776461683,Groceries,Debit Card,18,24532.17
99,1954,2024-04-21,1179.986484736461,Clothing,Credit Card,43,98699.74
17,1955,2024-07-14,1200.6634040994534,Clothing,PayPal,26,107089.84
55,1956,2024-05-14,1063.8936430943927,Groceries,Debit Card,46,69197.41
33,1957,2023-11-08,477.7166216112964,Groceries,Credit Card,32,39996.5
86,1958,2024-04-11,758.3243352571678,Electronics,PayPal,66,43360.92
73,1959,2023-12-12,1154.8752464970898,Groceries,PayPal,56,91635.69
68,1960,2023-10-06,1150.6266933957036,Electronics,Debit Card,34,66956.96
69,1961,2023-09-02,557.6198436751995,Clothing,Credit Card,26,54038.17
65,1962,2023-10-05,915.8033701282579,Groceries,PayPal,38,66417.3
1,1963,2024-01-05,745.7247902300564,Clothing,PayPal,55,65939.84
38,1964,2023-08-29,846.5229057892644,Clothing,Debit Card,38,36252.93
65,1965,2023-09-20,1397.2237745982516,Clothing,Debit Card,28,94468.73
48,1966,2023-12-12,685.1624889229556,Clothing,Credit Card,43,54647.35
36,1967,2024-06-17,678.9544524400739,Clothing,PayPal,62,30485.99
8,1968,2023-08-10,477.7770243300728,Groceries,PayPal,59,36258.48
74,1969,2024-01-19,1088.866232953249,Groceries,Credit Card,52,77097.31
92,1970,2023-09-13,1202.2271804542893,Clothing,Credit Card,38,71986.11
34,1971,2023-11-19,724.0108863949415,Groceries,Debit Card,33,73349.84
6,1972,2024-04-26,570.0141615064374,Groceries,Credit Card,21,54763.39
24,1973,2024-01-22,728.54344570953,Electronics,Credit Card,23,44788.6
97,1974,2024-01-21,1285.7726513778387,Electronics,Credit Card,20,82454.61
30,1975,2024-06-23,1170.8109676314173,Groceries,PayPal,38,112064.17
30,1976,2024-02-06,936.8627877903032,Clothing,PayPal,24,56723.71
95,1977,2024-02-25,657.8299840339047,Clothing,Credit Card,56,43220.55
11,1978,2023-09-20,1055.0696609607123,Clothing,Debit Card,55,54751.08
37,1979,2024-02-09,906.6347197020913,Groceries,Debit Card,65,70470.13
45,1980,2024-06-14,1534.3329134353246,Clothing,PayPal,40,107906.83
45,1981,2023-11-14,1422.4473610612433,Groceries,PayPal,41,111364.32
2,1982,2024-06-20,1084.8994864367864,Groceries,Credit Card,61,57350.31
32,1983,2024-02-23,1417.054560580599,Clothing,Debit Card,61,98664.42
52,1984,2024-05-26,553.7711479139629,Electronics,Credit Card,49,32528.15
69,1985,2024-02-14,832.1798328738348,Clothing,PayPal,37,75044.71
65,1986,2024-02-02,1511.4449316891273,Clothing,PayPal,64,119859.96
52,1987,2024-07-09,815.9636581117043,Clothing,PayPal,28,72148.73
89,1988,2024-04-19,719.7597389225841,Clothing,Credit Card,39,35919.96
23,1989,2023-12-22,574.2037054251808,Clothing,Debit Card,56,46304.19
87,1990,2024-07-03,1414.9087761612614,Electronics,Debit Card,50,116000.0
17,1991,2023-09-25,813.8567101466798,Groceries,PayPal,63,45143.14
51,1992,2024-01-02,1034.63498918748,Electronics,Credit Card,43,58533.71
56,1993,2024-04-11,1006.9976504642358,Groceries,Debit Card,42,77750.03
31,1994,2024-07-24,642.7251344114233,Electronics,PayPal,34,20954.69
39,1995,2023-08-04,554.9075231937911,Clothing,PayPal,21,22013.6
44,1996,2024-04-02,642.3460622483904,Electronics,Debit Card,29,53924.63
57,1997,2023-12-14,982.6571023152185,Clothing,PayPal,43,47030.88
17,1998,2024-01-02,580.0122618219781,Clothing,PayPal,31,31331.61
99,1999,2024-03-02,1115.8637018421039,Clothing,Debit Card,48,107646.22
32,2000,2023-08-12,1370.5486012054432,Clothing,Credit Card,35,119941.3
74,1001,,,groceries,debit card,62,47401.75
2,1002,2024-04-06,1493.880877806486,Clothing,PayPal,54,112346.73
44,1003,2023-09-22,1323.2379033239183,Electronics,Debit Card,58,111438.03
6,1004,2024-01-20,647.2378641205189,Clothing,Debit Card,42,50237.29
46,1005,2023-08-28,1385.6961661354512,Groceries,Debit Card,47,115697.03
43,1006,2023-08-04,1149.7665658391968,Groceries,Credit Card,33,86596.87
18,1007,2024-04-02,728.5263253116564,Electronics,Debit Card,68,63018.87
8,1008,2024-02-06,1331.6125630160473,Electronics,PayPal,36,93901.83
57,1009,2023-12-13,1293.6164879718406,Electronics,Debit Card,42,119273.91
65,1010,2023-10-17,914.0136312997087,Electronics,Debit Card,49,47051.13
