customer_id,transaction_id,transaction_date,amount,product_category,payment_method
2,1002,2024-04-06,1493.880877806486,clothing,paypal
44,1003,2023-09-22,1323.2379033239183,electronics,debit_card
6,1004,2024-01-20,647.2378641205189,clothing,debit_card
46,1005,2023-08-28,1385.6961661354512,groceries,debit_card
43,1006,2023-08-04,1149.7665658391968,groceries,credit_card
18,1007,2024-04-02,728.5263253116564,electronics,debit_card
8,1008,2024-02-06,1331.6125630160473,electronics,paypal
57,1009,2023-12-13,1293.6164879718406,electronics,debit_card
65,1010,2023-10-17,914.0136312997088,electronics,debit_card
66,1011,2023-10-31,1011.6467988367256,electronics,debit_card
18,1012,2023-08-21,577.595930192048,electronics,debit_card
64,1013,2024-05-05,917.2271425439576,groceries,paypal
35,1014,2023-11-25,1029.7629304511486,electronics,paypal
96,1015,2024-05-12,397.21816886257335,groceries,paypal
65,1016,2024-01-09,800.9889264200926,electronics,paypal
67,1017,2023-11-20,517.2429645468136,groceries,paypal
73,1018,2023-10-17,1409.4418171129942,clothing,credit_card
11,1019,2023-11-09,669.3575520316483,clothing,paypal
50,1020,2023-11-01,818.5812845032974,groceries,debit_card
75,1021,2024-02-02,1131.1150998189505,clothing,paypal
81,1022,2023-10-30,1113.8736032193733,groceries,paypal
9,1023,2024-01-04,881.0900913313205,electronics,debit_card
37,1024,2024-05-17,1353.5670526960866,electronics,paypal
31,1025,2024-01-13,823.189330172835,groceries,debit_card
47,1026,2024-02-03,1406.701272717759,electronics,credit_card
60,1027,2023-08-18,566.2522294675084,electronics,debit_card
98,1028,2023-10-09,592.6206264507477,electronics,credit_card
63,1029,2023-09-13,949.2911874421402,groceries,paypal
35,1030,2023-09-26,379.0256628773936,groceries,debit_card
62,1031,2023-11-26,697.7718644108819,groceries,credit_card
55,1032,2024-07-13,1362.4528868930452,clothing,debit_card
81,1033,2023-12-13,711.4877970600645,electronics,credit_card
72,1034,2024-06-19,1522.565651029858,clothing,debit_card
43,1035,2024-01-03,1190.7036874265618,groceries,credit_card
67,1036,2024-03-08,831.6015503011131,groceries,debit_card
42,1037,2024-01-24,1168.7788272841892,clothing,debit_card
19,1038,2024-03-29,546.4555001994185,clothing,paypal
77,1039,2024-01-01,426.2708591064313,electronics,paypal
80,1040,2024-04-27,1205.5430292338451,clothing,credit_card
41,1041,2023-08-18,1379.5891841496086,electronics,credit_card
11,1042,2023-09-15,993.1182517194862,clothing,paypal
55,1043,2024-01-16,456.1335842008512,groceries,paypal
16,1044,2024-05-04,584.662136799435,groceries,debit_card
57,1045,2023-12-03,739.8705272029594,clothing,credit_card
92,1046,2024-07-15,754.9386608069657,groceries,credit_card
31,1047,2023-08-16,689.6192198116281,electronics,paypal
22,1048,2024-04-21,840.2496167066198,electronics,debit_card
58,1049,2023-10-22,1140.5668929703588,electronics,debit_card
78,1050,2024-07-04,842.8045394499093,clothing,credit_card
52,1052,2024-06-02,1517.712532448412,groceries,paypal
68,1053,2024-05-10,1465.39852474971,groceries,debit_card
90,1054,2023-08-24,1053.6298425045604,electronics,debit_card
66,1055,2024-03-27,747.2958002251946,electronics,paypal
71,1056,2024-01-19,889.4508534547459,groceries,credit_card
96,1057,2024-03-01,1110.8545703355285,clothing,paypal
85,1058,2023-09-07,1535.627921964538,clothing,debit_card
74,1059,2023-08-19,514.9585255450216,electronics,debit_card
49,1060,2023-10-14,1256.5849161529425,clothing,paypal
17,1061,2023-12-21,541.7223802401296,groceries,debit_card
43,1062,2023-10-05,1426.968016599625,groceries,credit_card
15,1063,2023-09-25,691.462949689912,clothing,paypal
65,1064,2023-10-06,1287.9299752329157,groceries,debit_card
98,1065,2024-03-28,1395.153253659019,electronics,credit_card
27,1066,2023-11-24,901.2927914647614,groceries,debit_card
94,1067,2023-11-02,642.8138893283119,electronics,credit_card
95,1068,2023-08-21,666.9207805506521,groceries,credit_card
78,1069,2024-04-23,1008.0685288048146,groceries,paypal
88,1070,2024-03-29,930.2884340985854,electronics,paypal
92,1071,2023-12-30,689.3220516212531,electronics,debit_card
59,1072,2023-08-03,1325.5652578288664,clothing,credit_card
77,1073,2024-05-11,1251.8617632801297,electronics,debit_card
57,1074,2024-07-13,1507.100576499165,electronics,paypal
36,1075,2024-01-24,1319.6833482947316,clothing,debit_card
17,1076,2023-12-12,1443.903195275511,electronics,credit_card
31,1077,2024-02-23,297.7796204969392,electronics,debit_card
74,1078,2024-06-27,711.2800877522945,clothing,credit_card
59,1079,2023-08-07,1273.861256883131,electronics,paypal
95,1080,2023-12-24,1271.964765805324,groceries,credit_card
79,1081,2023-09-17,1527.0522393194622,electronics,credit_card
26,1082,2024-06-26,1364.2201755391025,clothing,debit_card
4,1083,2023-08-04,1558.1815118357542,electronics,paypal
35,1084,2023-09-26,751.6035171790128,electronics,paypal
87,1085,2024-06-09,1113.1125142875596,clothing,debit_card
68,1086,2024-01-13,684.6693489881434,electronics,paypal
65,1087,2023-11-17,523.7315826575241,electronics,credit_card
52,1088,2024-05-12,1511.2249456900977,electronics,debit_card
44,1089,2024-02-15,894.8783240874536,groceries,paypal
80,1090,2024-02-18,583.5723106225424,groceries,debit_card
4,1091,2023-11-07,950.3599106978946,clothing,debit_card
63,1092,2024-02-01,1514.2147989052132,electronics,debit_card
79,1093,2024-07-24,811.2228516609168,clothing,debit_card
12,1094,2023-08-03,585.7193270129341,electronics,credit_card
19,1095,2024-07-07,695.3223644876774,groceries,debit_card
63,1096,2024-05-06,934.493057699636,groceries,paypal
64,1097,2024-07-05,835.6511951731351,groceries,credit_card
93,1098,2024-02-02,606.8777726863422,groceries,paypal
57,1099,2023-12-14,1322.0551769081192,groceries,credit_card
31,1100,2023-10-29,472.2111136483103,groceries,credit_card
74,1102,2024-06-06,707.6102171191902,electronics,debit_card
50,1103,2024-06-01,855.1000407497297,groceries,debit_card
3,1104,2023-08-13,592.6795163484129,electronics,credit_card
71,1105,2023-12-04,1398.1146430850008,electronics,credit_card
60,1106,2023-11-11,1016.1522568249115,clothing,credit_card
11,1107,2023-10-26,1299.071305562625,electronics,debit_card
14,1108,2024-07-24,1366.1529760204876,electronics,credit_card
74,1109,2023-09-18,482.05836450940006,clothing,debit_card
80,1110,2024-05-18,1363.4613981092143,electronics,credit_card
59,1111,2024-07-18,1423.617598064188,groceries,debit_card
88,1112,2024-06-24,1030.1871211197165,clothing,paypal
11,1113,2024-06-08,966.6090378078688,electronics,paypal
52,1114,2024-03-28,700.6894617224538,groceries,debit_card
52,1115,2023-11-19,1301.831050614645,groceries,debit_card
74,1116,2023-11-06,1065.2861482861824,clothing,debit_card
22,1117,2024-02-29,1097.1225730035278,groceries,paypal
86,1118,2024-01-29,367.35854552585056,groceries,debit_card
53,1119,2024-06-07,571.4121247249777,electronics,credit_card
12,1120,2023-08-15,727.0242936129509,clothing,paypal
76,1121,2024-04-08,866.9819687226095,clothing,paypal
33,1122,2023-12-25,1323.8848335576747,clothing,paypal
70,1123,2023-10-02,1327.4191440342745,groceries,credit_card
17,1124,2024-04-06,956.6350647725328,electronics,credit_card
8,1125,2023-08-28,373.06217438750616,electronics,credit_card
47,1126,2024-03-02,722.8791633070261,clothing,credit_card
89,1127,2024-02-22,1210.7870300927748,electronics,debit_card
11,1128,2024-02-04,1256.2291730995996,clothing,debit_card
6,1129,2024-06-22,1437.7948816398907,clothing,paypal
63,1130,2024-04-26,948.7065929640346,electronics,credit_card
11,1131,2024-06-06,1034.0677883299786,groceries,debit_card
21,1132,2023-12-19,572.7446459678791,clothing,debit_card
71,1133,2024-03-14,801.9850879460573,clothing,paypal
67,1134,2024-01-25,750.4713730907463,electronics,debit_card
44,1135,2023-11-16,1017.9685237246188,clothing,debit_card
53,1136,2024-07-05,775.4986368688094,groceries,debit_card
93,1137,2024-01-23,1229.860197515653,electronics,debit_card
92,1138,2023-11-11,1298.1522211948482,electronics,paypal
58,1139,2024-06-27,1325.2515168216553,electronics,paypal
15,1140,2023-09-01,1001.5073213893209,groceries,credit_card
67,1141,2024-01-19,944.4210764865852,groceries,credit_card
73,1142,2024-02-06,529.7157843579307,groceries,credit_card
89,1143,2024-02-03,684.392084995641,electronics,debit_card
78,1144,2023-09-18,1401.6575690622285,groceries,paypal
95,1145,2024-07-16,1189.118630163452,groceries,credit_card
24,1146,2024-03-28,1120.653894973996,electronics,paypal
32,1147,2024-02-19,1480.436859805657,clothing,credit_card
87,1148,2024-04-10,1674.457814282191,clothing,paypal
49,1149,2023-08-28,1001.4296922852528,clothing,credit_card
40,1150,2023-12-10,1545.4967012029783,clothing,paypal
62,1152,2024-04-19,1163.691449313229,electronics,credit_card
2,1153,2023-09-04,1100.19778268948,groceries,credit_card
1,1154,2023-09-07,976.7550692364416,clothing,debit_card
86,1155,2024-03-18,1255.342409426485,electronics,paypal
100,1156,2023-09-29,583.0832152325811,electronics,credit_card
62,1157,2023-11-25,1364.6416032621144,electronics,paypal
63,1158,2024-06-29,1345.27711320331,electronics,debit_card
95,1159,2024-03-23,1021.2119543120676,groceries,debit_card
19,1160,2023-10-07,786.7207981779226,electronics,credit_card
10,1161,2024-02-22,312.90281972022933,electronics,paypal
38,1162,2024-05-14,852.6594455564264,clothing,debit_card
79,1163,2024-07-01,972.5101852458736,clothing,credit_card
92,1164,2023-12-05,1042.1933426452824,clothing,paypal
48,1165,2024-06-14,1649.8993775846773,groceries,credit_card
74,1166,2024-06-29,756.268961481168,clothing,paypal
9,1167,2024-05-15,512.8950607814525,electronics,debit_card
88,1168,2023-11-26,1115.3660730353247,groceries,paypal
80,1169,2024-04-27,1582.4611452669503,clothing,credit_card
30,1170,2024-06-10,687.1156450261345,groceries,debit_card
32,1171,2024-02-18,424.8665587090946,electronics,credit_card
91,1172,2023-12-16,643.5815779520667,electronics,credit_card
97,1173,2024-03-02,1417.2484733911335,electronics,debit_card
67,1174,2024-03-22,1165.8349097303892,electronics,credit_card
37,1175,2024-03-25,899.7633432143944,clothing,paypal
53,1176,2024-01-31,877.5409342925715,groceries,paypal
24,1177,2024-04-06,857.1528174395446,groceries,debit_card
99,1178,2024-01-12,1485.6739939537836,groceries,paypal
61,1179,2024-06-08,1345.0588897015489,groceries,paypal
27,1180,2024-01-05,1364.901882375353,electronics,paypal
5,1181,2023-11-09,1279.4248708033963,groceries,debit_card
57,1182,2024-03-13,1000.932065241806,clothing,paypal
97,1183,2023-11-12,481.5204314554576,groceries,credit_card
71,1184,2024-03-31,792.24164030629,electronics,debit_card
87,1185,2023-12-14,517.0776831606711,electronics,debit_card
14,1186,2024-02-19,824.4929260813548,clothing,credit_card
41,1187,2024-06-20,433.1334562988732,groceries,credit_card
85,1188,2023-09-30,1252.443139479407,groceries,credit_card
95,1189,2024-04-06,1430.0969326927386,groceries,credit_card
36,1190,2024-02-09,516.91574478345,groceries,credit_card
43,1191,2023-11-28,1131.874102455928,groceries,debit_card
62,1192,2023-12-29,847.2311316107804,groceries,debit_card
34,1193,2024-07-03,977.8921399408232,groceries,debit_card
19,1194,2023-08-20,1202.9631269176862,electronics,credit_card
73,1195,2023-08-11,1096.1113566552735,groceries,credit_card
48,1196,2024-01-05,1467.5353325572407,electronics,debit_card
78,1197,2024-06-14,942.0735570773072,groceries,credit_card
61,1198,2024-06-23,1595.4492818575989,electronics,debit_card
50,1199,2024-01-04,893.7278294249777,groceries,paypal
38,1200,2023-08-28,1127.9004741920264,groceries,credit_card
14,1202,2023-12-18,1136.7832993805428,groceries,paypal
31,1203,2024-06-08,1341.485902543678,clothing,credit_card
96,1204,2023-08-11,772.6988566252786,clothing,credit_card
26,1205,2024-03-03,690.9001153156067,clothing,credit_card
69,1206,2023-10-17,1140.111875649504,clothing,paypal
25,1207,2023-08-28,863.6616886408282,electronics,credit_card
4,1208,2023-10-04,730.2867654408257,electronics,paypal
74,1209,2024-01-11,652.1622362416613,clothing,credit_card
37,1210,2024-06-15,309.16997677119537,electronics,debit_card
68,1211,2024-04-04,1535.5422154263224,clothing,credit_card
27,1212,2023-09-02,1118.4915631059498,clothing,credit_card
89,1213,2023-12-29,737.9839234751876,clothing,paypal
16,1214,2024-07-12,634.3914140949043,groceries,debit_card
61,1215,2024-01-22,1051.8378446776749,groceries,paypal
75,1216,2024-07-18,1035.141091706308,groceries,debit_card
86,1217,2024-05-09,1661.8984037278224,groceries,paypal
93,1218,2024-06-23,1020.1882869312294,clothing,debit_card
12,1219,2024-06-10,1186.4197082207795,electronics,paypal
23,1220,2023-10-21,692.5185424394859,clothing,credit_card
95,1221,2023-12-17,837.623331658227,clothing,paypal
31,1222,2023-08-01,898.2616163638422,clothing,debit_card
90,1223,2024-04-19,1075.423599343763,electronics,paypal
34,1224,2024-04-02,1081.6120420294783,clothing,debit_card
36,1225,2024-05-04,894.1997531918197,electronics,paypal
58,1226,2023-09-19,1050.957166976203,clothing,credit_card
83,1227,2023-08-22,1324.0983389384323,groceries,debit_card
57,1228,2023-08-10,961.6307510826448,groceries,paypal
80,1229,2024-05-02,604.1029644100122,electronics,paypal
48,1230,2023-11-30,1488.0084157037222,electronics,debit_card
9,1231,2023-11-04,1301.8972451802836,groceries,credit_card
76,1232,2024-01-30,481.6815246989193,electronics,paypal
39,1233,2023-11-13,1276.3191372665603,groceries,debit_card
42,1234,2024-05-13,1629.8618615166606,electronics,debit_card
30,1235,2023-11-10,641.5024571380669,groceries,credit_card
11,1236,2024-02-14,1080.1082501181586,clothing,debit_card
24,1237,2024-05-04,854.9902601385859,groceries,paypal
9,1238,2023-09-26,768.1937908163719,clothing,paypal
64,1239,2023-08-30,864.0772336513751,clothing,paypal
69,1240,2023-09-27,972.4312083180712,clothing,paypal
89,1241,2023-12-09,840.2339202577749,clothing,paypal
4,1242,2023-08-07,1581.073841772145,electronics,credit_card
88,1243,2024-03-30,1224.0244621855863,electronics,paypal
19,1244,2024-02-24,898.0049961939968,groceries,debit_card
82,1245,2024-04-19,566.9514243457073,groceries,credit_card
49,1246,2024-07-15,1475.9535682739345,clothing,credit_card
26,1247,2024-06-13,1501.8264845942329,clothing,debit_card
61,1248,2023-10-31,881.8264501388205,groceries,debit_card
66,1249,2024-03-28,732.4085458647972,electronics,debit_card
60,1250,2023-12-06,690.1162184378143,electronics,credit_card
42,1252,2023-10-14,1514.8658621949544,clothing,credit_card
46,1253,2024-05-09,814.2579335095356,clothing,debit_card
47,1254,2023-10-27,685.1141195345425,clothing,debit_card
19,1255,2024-06-13,1534.635768272504,electronics,paypal
29,1256,2024-05-12,1099.9026587976657,clothing,paypal
10,1257,2024-02-26,868.0130301766676,groceries,credit_card
36,1258,2023-10-04,1279.108374965059,electronics,debit_card
30,1259,2023-09-16,1032.861932297299,electronics,paypal
13,1260,2024-01-14,833.8467340356221,groceries,debit_card
30,1261,2023-12-04,1467.6409693319802,groceries,paypal
98,1262,2024-01-19,596.3602378397322,groceries,debit_card
52,1263,2023-11-15,953.155194137289,groceries,debit_card
40,1264,2023-08-08,606.1040962008888,electronics,debit_card
61,1265,2024-03-27,840.6747532644682,groceries,paypal
27,1266,2024-07-02,759.6610240103046,groceries,paypal
12,1267,2023-08-10,982.2555650325464,clothing,credit_card
66,1268,2023-10-21,1513.5169123658052,groceries,debit_card
72,1269,2023-11-07,765.6279928929289,groceries,credit_card
35,1270,2024-07-15,602.927620273483,groceries,paypal
78,1271,2024-06-20,1436.922074263239,groceries,paypal
61,1272,2023-08-09,1060.6308395121291,groceries,credit_card
98,1273,2023-10-07,831.7154571707358,clothing,credit_card
79,1274,2023-10-07,1047.620171565439,groceries,debit_card
58,1275,2024-03-10,1100.0436701682074,groceries,debit_card
31,1276,2024-06-01,936.91631792535,electronics,debit_card
21,1277,2024-04-24,928.1920086235906,clothing,debit_card
20,1278,2024-04-30,953.529027982806,groceries,credit_card
5,1279,2023-12-07,630.7126562595764,electronics,debit_card
62,1280,2024-03-21,861.2952307165003,clothing,paypal
29,1281,2024-06-06,1396.141171469066,groceries,paypal
11,1282,2024-01-17,969.9660130114308,clothing,paypal
23,1283,2024-07-15,891.0559141747608,groceries,credit_card
22,1284,2024-03-23,694.8357747950733,clothing,debit_card
73,1285,2024-02-06,655.6713152047085,clothing,debit_card
83,1286,2024-01-14,274.06540903090774,groceries,credit_card
12,1287,2024-03-15,1183.1176486603367,electronics,debit_card
64,1288,2023-10-22,605.5099937718348,electronics,paypal
16,1289,2024-07-19,1269.5254904891692,electronics,debit_card
8,1290,2023-11-26,761.3458823159664,electronics,paypal
22,1291,2024-02-01,1395.532506905402,clothing,debit_card
29,1292,2024-03-26,649.054742208771,clothing,credit_card
83,1293,2024-02-29,1395.5763275627517,groceries,debit_card
73,1294,2024-03-18,1091.9726639633504,clothing,paypal
2,1295,2023-12-24,477.0842184775005,clothing,paypal
23,1296,2024-01-22,556.1841304952586,groceries,debit_card
19,1297,2023-09-16,623.0001609400612,clothing,debit_card
87,1298,2023-11-01,1010.1295840140632,groceries,paypal
30,1299,2023-10-07,692.5458855591207,electronics,debit_card
99,1300,2023-10-04,924.764708882543,groceries,paypal
9,1302,2024-01-24,1544.8982211507764,groceries,paypal
47,1303,2024-01-26,1092.1934489872062,electronics,paypal
60,1304,2023-09-10,1438.619662940217,clothing,debit_card
56,1305,2023-11-24,1170.6207888560389,groceries,credit_card
3,1306,2024-07-02,1268.404784089456,groceries,paypal
77,1307,2023-12-24,1041.2554364290827,groceries,credit_card
23,1308,2024-02-10,843.3148037575601,electronics,debit_card
31,1309,2024-05-08,906.156958460778,groceries,credit_card
42,1310,2023-09-25,861.5918082856683,clothing,paypal
91,1311,2024-06-28,1308.8999245762227,electronics,paypal
85,1312,2023-12-09,1276.9754345148,electronics,paypal
31,1313,2024-05-31,1075.2665340490837,clothing,credit_card
8,1314,2023-09-29,1059.1030949127733,electronics,debit_card
51,1315,2024-06-18,1337.416416603553,groceries,paypal
48,1316,2024-02-14,515.4601266135519,electronics,paypal
57,1317,2023-10-15,1389.244650912102,electronics,debit_card
96,1318,2024-01-19,1667.4279075820295,groceries,credit_card
50,1319,2023-08-24,707.8694042201388,groceries,paypal
94,1320,2024-04-15,555.489451155721,groceries,credit_card
21,1321,2024-01-21,897.2133523127806,clothing,credit_card
39,1322,2023-12-21,768.5919163771308,clothing,debit_card
38,1323,2024-03-19,1100.8844958207142,clothing,credit_card
64,1324,2023-08-01,1591.554663529772,clothing,paypal
26,1325,2024-01-30,831.1804872149937,clothing,paypal
35,1326,2024-01-31,289.0527475361171,electronics,debit_card
73,1327,2024-02-04,801.2485800773076,clothing,debit_card
4,1328,2023-11-07,444.1424310536937,clothing,debit_card
34,1329,2024-05-30,1116.8147676564893,groceries,credit_card
39,1330,2024-01-29,1103.276869770409,groceries,credit_card
26,1331,2024-04-15,773.20638269244,electronics,paypal
29,1332,2023-11-05,1127.7599090035214,electronics,paypal
87,1333,2024-06-06,642.0542517509487,clothing,paypal
88,1334,2023-09-16,1529.5491022992726,electronics,debit_card
8,1335,2024-01-24,1514.3987520092774,groceries,credit_card
86,1336,2024-01-26,826.8773510461357,clothing,debit_card
55,1337,2024-07-27,982.0276573604136,groceries,paypal
91,1338,2024-05-20,778.6584586308923,clothing,credit_card
79,1339,2024-03-07,554.6383590786145,electronics,paypal
91,1340,2024-03-20,1136.711574291524,groceries,paypal
90,1341,2023-10-30,395.3621243747147,clothing,credit_card
59,1342,2024-04-27,1051.088611982929,electronics,paypal
36,1343,2024-05-25,1010.0217563283328,groceries,debit_card
67,1344,2024-01-27,1447.2294183354193,groceries,credit_card
7,1345,2023-08-26,489.4330967606686,clothing,credit_card
79,1346,2023-09-28,1119.0005191407258,electronics,paypal
46,1347,2023-08-01,1428.105121650925,clothing,credit_card
75,1348,2024-07-10,1221.939187939764,electronics,paypal
21,1349,2024-06-28,1303.6669354057472,clothing,paypal
90,1350,2024-03-22,1449.412021734027,electronics,credit_card
75,1352,2023-12-06,642.0764523562983,electronics,credit_card
76,1353,2024-02-13,721.9715088831667,clothing,debit_card
25,1354,2023-11-29,387.6394307961278,electronics,credit_card
33,1355,2023-12-04,964.389014587682,groceries,paypal
100,1356,2023-10-29,1507.223316766204,groceries,credit_card
30,1357,2024-04-24,1502.8346391364169,clothing,credit_card
94,1358,2023-11-16,479.7934596952308,electronics,debit_card
41,1359,2023-10-28,871.0849197592356,electronics,paypal
29,1360,2024-02-09,1063.6802389179445,groceries,debit_card
8,1361,2023-11-20,920.8418441162524,groceries,paypal
100,1362,2024-05-09,418.46867351725984,clothing,credit_card
49,1363,2023-11-29,695.2968610960268,groceries,debit_card
10,1364,2024-03-17,377.2162918373478,clothing,paypal
37,1365,2023-09-01,738.4638823421949,electronics,paypal
6,1366,2024-07-15,706.8835126019615,electronics,paypal
28,1367,2024-06-06,1245.1960306761375,electronics,credit_card
100,1368,2024-01-27,897.1511571075447,clothing,paypal
94,1369,2023-12-08,870.4788042321223,electronics,credit_card
82,1370,2024-07-14,1438.996075883471,electronics,paypal
16,1371,2023-11-25,431.5121505997208,electronics,debit_card
6,1372,2024-01-08,1240.337206531109,groceries,paypal
15,1373,2024-04-22,771.4556352593894,clothing,credit_card
52,1374,2023-10-14,860.3067818553235,groceries,debit_card
35,1375,2024-02-19,806.0063690457844,groceries,paypal
94,1376,2024-05-16,582.8900545541832,clothing,credit_card
33,1377,2023-12-17,1333.639292153669,electronics,credit_card
82,1378,2023-12-21,308.448444211166,clothing,paypal
74,1379,2023-11-26,1146.2988886008525,groceries,paypal
22,1380,2023-10-31,831.616431983331,clothing,credit_card
75,1381,2023-07-31,1173.0550017663422,electronics,credit_card
32,1382,2024-06-27,889.4480316794645,clothing,debit_card
63,1383,2024-07-09,823.8461297793849,groceries,credit_card
29,1384,2024-01-14,646.6600065918867,electronics,credit_card
51,1385,2024-06-27,733.6178645814549,groceries,credit_card
8,1386,2023-08-17,728.1611537925265,groceries,credit_card
70,1387,2023-08-06,548.532220514377,clothing,debit_card
21,1388,2024-07-23,1324.0105620725342,clothing,paypal
3,1389,2024-03-25,872.9505701529969,clothing,debit_card
67,1390,2024-03-23,861.5352221504585,clothing,paypal
46,1391,2024-04-28,674.1580853599355,groceries,credit_card
46,1392,2023-08-26,1006.9492936703284,electronics,paypal
88,1393,2023-08-21,1089.278098453541,clothing,paypal
8,1394,2023-11-30,757.6846664251102,clothing,debit_card
65,1395,2024-02-08,1073.7196981237942,clothing,debit_card
95,1396,2023-11-11,1618.3340261517224,clothing,paypal
26,1397,2024-02-13,1231.1433405690648,groceries,paypal
82,1398,2024-02-12,1207.3004008967955,electronics,credit_card
21,1399,2024-04-24,1679.681854716236,clothing,credit_card
86,1400,2024-06-12,1521.8173067877572,electronics,paypal
89,1402,2024-05-20,367.3973452287353,electronics,credit_card
92,1403,2024-02-10,1424.4059487254676,clothing,paypal
23,1404,2024-01-10,779.5689948864799,clothing,debit_card
82,1405,2023-09-13,1321.1885435449535,clothing,credit_card
94,1406,2023-10-21,578.8842129356109,electronics,paypal
98,1407,2023-08-28,1638.795919127435,clothing,debit_card
82,1408,2023-09-22,892.7344500778513,clothing,debit_card
19,1409,2023-08-10,1511.558058446216,groceries,debit_card
48,1410,2024-06-02,677.1800572270979,electronics,debit_card
31,1411,2024-07-12,1162.043752450973,clothing,debit_card
35,1412,2023-12-09,1054.9020250066585,clothing,credit_card
96,1413,2024-06-17,1016.9872104333102,electronics,debit_card
87,1414,2023-11-24,1298.3656989044105,clothing,credit_card
67,1415,2024-03-20,1332.6492478747043,groceries,debit_card
72,1416,2024-05-16,1339.430524146127,groceries,paypal
63,1417,2023-10-16,1398.069238475037,groceries,credit_card
28,1418,2023-10-06,1326.0658061759416,clothing,credit_card
47,1419,2023-10-03,381.2253885491007,clothing,debit_card
84,1420,2024-07-27,1116.3672310139227,groceries,paypal
14,1421,2023-12-13,1523.8763136694429,electronics,debit_card
90,1422,2024-04-21,1347.3138889171817,groceries,credit_card
59,1423,2023-11-04,619.8133197927641,clothing,debit_card
29,1424,2024-07-25,897.4669269315133,electronics,paypal
84,1425,2023-11-19,1517.0451788148184,groceries,credit_card
44,1426,2024-05-18,915.6025531531984,electronics,credit_card
10,1427,2024-03-31,1073.5115318925175,clothing,paypal
79,1428,2023-09-25,1209.7399393891883,electronics,credit_card
20,1429,2024-03-08,752.2508810787202,electronics,credit_card
79,1430,2024-03-20,509.4194043288641,clothing,credit_card
70,1431,2024-05-10,779.3198438531101,groceries,credit_card
60,1432,2023-09-09,513.7536295249351,groceries,paypal
63,1433,2023-08-09,905.2562569216038,electronics,paypal
68,1434,2024-02-09,1477.8859834696282,electronics,paypal
10,1435,2024-01-28,1645.540137876406,clothing,debit_card
10,1436,2023-10-07,1668.4874504468196,groceries,paypal
53,1437,2023-08-10,1221.564875881591,clothing,paypal
80,1438,2023-12-21,1222.0624393889393,groceries,paypal
83,1439,2024-02-16,799.0936845444282,groceries,paypal
86,1440,2024-06-11,399.4626515901606,clothing,debit_card
25,1441,2023-09-02,1438.7149765607264,groceries,paypal
54,1442,2024-05-31,1638.95729884588,groceries,paypal
52,1443,2024-01-23,851.5727338448266,clothing,credit_card
45,1444,2023-09-20,618.3491903777027,electronics,debit_card
93,1445,2023-11-30,911.3100993352568,clothing,credit_card
54,1446,2023-09-28,1650.9235294003197,clothing,credit_card
5,1447,2024-03-19,413.510169508404,electronics,paypal
57,1448,2023-10-25,917.2881925209598,groceries,credit_card
11,1449,2024-07-22,857.8274932437964,groceries,paypal
76,1450,2023-08-24,875.3330650235754,clothing,debit_card
47,1452,2023-10-22,986.963865910706,clothing,credit_card
29,1453,2024-03-17,1052.954677247255,clothing,debit_card
82,1454,2023-07-31,1619.9171249149165,electronics,debit_card
84,1455,2023-12-07,346.47965144391566,groceries,paypal
81,1456,2023-10-18,1160.6913885879449,clothing,paypal
20,1457,2023-09-11,503.5383610997312,groceries,debit_card
95,1458,2024-04-30,755.875044925391,clothing,credit_card
96,1459,2023-12-27,1019.9261513499064,groceries,paypal
73,1460,2024-05-25,1112.4861970077934,clothing,credit_card
59,1461,2023-11-15,1300.7150126493082,groceries,debit_card
12,1462,2024-04-04,1146.725818157969,electronics,paypal
79,1463,2023-10-09,1599.1048535814664,groceries,paypal
90,1464,2024-05-07,1350.2834397390577,electronics,credit_card
85,1465,2024-02-25,1179.5060343632215,clothing,credit_card
70,1466,2023-09-11,550.3332409438581,electronics,paypal
59,1467,2024-05-28,394.37988551243234,clothing,paypal
2,1468,2024-03-24,1052.5616430342316,electronics,paypal
88,1469,2024-07-02,667.1712401365835,groceries,paypal
62,1470,2023-11-18,671.4361163845468,clothing,debit_card
55,1471,2023-09-21,374.1047972057356,electronics,debit_card
76,1472,2023-12-09,1225.2160166008698,groceries,debit_card
69,1473,2023-10-15,1070.2183984244734,clothing,debit_card
56,1474,2024-01-06,760.8189218501395,groceries,paypal
59,1475,2023-10-31,498.16909736455966,electronics,paypal
56,1476,2024-05-02,781.6541993543984,electronics,paypal
9,1477,2024-02-20,747.5604214324939,clothing,paypal
6,1478,2023-09-05,876.3682572798859,electronics,paypal
32,1479,2024-02-26,470.1293642489386,groceries,paypal
60,1480,2024-01-04,1015.835885286263,electronics,debit_card
71,1481,2024-01-30,1361.3897855122282,electronics,debit_card
68,1482,2024-07-19,897.6375626515147,electronics,paypal
78,1483,2024-01-24,1342.6442092663242,groceries,debit_card
1,1484,2024-05-21,713.3434335623768,clothing,credit_card
26,1485,2023-12-03,666.3753263205168,electronics,debit_card
98,1486,2023-11-13,1521.7138992391642,electronics,debit_card
68,1487,2024-06-27,1458.8855867245304,electronics,debit_card
88,1488,2024-01-07,528.0774346197975,groceries,credit_card
17,1489,2024-04-16,314.8653606773289,groceries,credit_card
72,1490,2024-05-21,799.6710549895439,electronics,credit_card
77,1491,2023-11-04,1226.6854529610257,groceries,debit_card
70,1492,2024-05-28,747.3365756187136,clothing,credit_card
22,1493,2023-08-13,1504.6078254310487,groceries,credit_card
8,1494,2024-05-25,1193.1187245074614,clothing,debit_card
80,1495,2024-07-02,972.2932234355848,groceries,paypal
51,1496,2024-01-16,270.5130599324857,clothing,debit_card
4,1497,2023-09-19,975.2699388922382,clothing,credit_card
52,1498,2023-09-16,1041.671390035432,groceries,debit_card
20,1499,2024-05-24,1588.599578871084,clothing,paypal
60,1500,2024-05-19,1391.040381916435,clothing,debit_card
46,1502,2023-08-26,808.9413982890175,groceries,debit_card
93,1503,2024-01-31,847.5391782243606,groceries,credit_card
1,1504,2023-11-12,537.7937401910702,electronics,debit_card
8,1505,2024-07-07,253.6112448841032,clothing,credit_card
1,1506,2023-08-15,1405.2250971320002,clothing,paypal
65,1507,2023-10-19,1508.037301155134,electronics,credit_card
11,1508,2023-12-21,768.9490683965532,electronics,paypal
51,1509,2023-08-30,1182.4174261746412,groceries,credit_card
72,1510,2024-07-17,1222.7898988044817,electronics,debit_card
2,1511,2024-01-30,1289.2478829565569,groceries,debit_card
90,1512,2024-04-10,362.3707631459308,clothing,credit_card
52,1513,2024-03-30,1367.09563290625,groceries,debit_card
66,1514,2024-07-15,783.2623222722914,groceries,paypal
53,1515,2023-11-03,638.5555282257344,electronics,paypal
46,1516,2023-08-15,719.5443447716953,electronics,debit_card
47,1517,2023-09-17,1110.551794770596,groceries,paypal
46,1518,2023-10-04,1180.64268375582,clothing,paypal
60,1519,2024-06-13,909.190850697108,clothing,debit_card
45,1520,2024-07-01,1193.2291581231004,electronics,credit_card
50,1521,2023-11-23,1000.5379998729162,electronics,debit_card
82,1522,2024-02-15,746.5183899298063,groceries,credit_card
9,1523,2023-09-06,1485.2595230479906,groceries,paypal
33,1524,2023-10-25,1399.9740109951133,groceries,paypal
7,1525,2023-12-26,872.4867763657226,groceries,credit_card
54,1526,2024-03-14,1226.335295128093,clothing,credit_card
17,1527,2023-10-06,666.3801446872283,electronics,paypal
53,1528,2023-12-24,1376.5695855769673,clothing,credit_card
68,1529,2023-08-08,508.207623258314,groceries,credit_card
31,1530,2024-05-31,1042.6308152238298,groceries,credit_card
55,1531,2023-11-09,1251.8418028328106,electronics,debit_card
69,1532,2024-02-22,688.0022023205478,electronics,debit_card
87,1533,2023-09-29,1261.755640196962,groceries,credit_card
65,1534,2024-06-30,798.0481871821232,groceries,debit_card
16,1535,2024-01-14,1440.106168606145,clothing,paypal
3,1536,2024-06-03,923.4565248817836,clothing,debit_card
88,1537,2024-01-31,1213.8777849023645,electronics,debit_card
27,1538,2024-02-01,1476.3723714218472,electronics,credit_card
79,1539,2024-04-04,1131.4297007381097,electronics,debit_card
62,1540,2024-06-17,1088.2917399651,groceries,credit_card
87,1541,2023-09-17,1132.0438858594698,groceries,credit_card
57,1542,2023-09-30,968.6735077300324,clothing,credit_card
36,1543,2023-12-31,1227.2338949226382,groceries,debit_card
41,1544,2024-06-17,1160.0490862268075,electronics,debit_card
76,1545,2023-08-24,841.2707279662375,electronics,credit_card
64,1546,2023-09-28,694.6957184746502,electronics,credit_card
82,1547,2024-06-15,687.3890886437132,clothing,paypal
34,1548,2024-01-12,785.8757062354049,groceries,debit_card
43,1549,2024-05-18,414.6355877166046,groceries,paypal
24,1550,2024-07-17,1531.1579308588052,electronics,paypal
2,1552,2024-01-02,741.7982398295895,electronics,debit_card
76,1553,2024-04-17,418.3001701020801,electronics,credit_card
45,1554,2023-08-24,873.849177095722,clothing,paypal
70,1555,2023-08-31,841.1806832754729,electronics,credit_card
4,1556,2023-10-11,952.4308057193944,electronics,credit_card
42,1557,2024-04-20,920.5134960841244,electronics,debit_card
14,1558,2023-09-27,1593.6904763754358,clothing,debit_card
79,1559,2024-07-18,854.1966335546055,groceries,debit_card
67,1560,2024-07-07,1437.07608016171,electronics,paypal
24,1561,2024-03-13,1389.704148797165,groceries,credit_card
70,1562,2024-06-19,636.8464571410282,groceries,paypal
30,1563,2024-06-01,1253.132636800551,groceries,credit_card
100,1564,2024-04-05,727.0063127124351,electronics,debit_card
60,1565,2024-04-13,1460.5401191582366,groceries,debit_card
89,1566,2024-06-19,1649.5289518344982,electronics,debit_card
86,1567,2024-05-08,904.308980573534,electronics,paypal
65,1568,2023-12-01,1092.284425700054,groceries,paypal
85,1569,2024-07-17,1469.0533153831743,electronics,credit_card
85,1570,2024-05-22,1085.0204471404018,groceries,debit_card
9,1571,2023-08-27,1499.0689314338713,groceries,credit_card
97,1572,2023-10-22,1414.4612403169428,clothing,debit_card
65,1573,2024-05-07,964.7627336410276,groceries,debit_card
42,1574,2024-04-13,900.0000266440962,electronics,debit_card
70,1575,2024-06-16,1354.4900411293297,groceries,debit_card
18,1576,2023-08-28,689.8010702602286,groceries,credit_card
52,1577,2024-03-21,1517.3535090947555,clothing,credit_card
97,1578,2024-05-22,1174.8877455088757,clothing,credit_card
44,1579,2023-10-21,575.2406607182475,electronics,credit_card
34,1580,2023-12-18,1041.7749184268105,clothing,credit_card
53,1581,2024-02-06,1190.9515126874146,electronics,credit_card
55,1582,2024-05-15,1231.139992956775,clothing,credit_card
56,1583,2024-01-22,565.3838599359076,electronics,paypal
47,1584,2024-06-24,936.8378966265695,groceries,credit_card
59,1585,2024-07-14,477.3781166830253,electronics,debit_card
10,1586,2023-09-09,1181.986343035336,electronics,debit_card
30,1587,2023-08-22,1213.8192491142245,clothing,debit_card
58,1588,2023-08-21,1322.8034501247523,clothing,debit_card
95,1589,2024-07-22,1008.2592906573284,groceries,debit_card
8,1590,2024-02-25,449.1645342473204,electronics,debit_card
35,1591,2024-07-04,717.0031489973633,electronics,credit_card
13,1592,2024-03-06,1238.3308182533533,electronics,paypal
79,1593,2023-12-05,431.87781302880046,clothing,credit_card
72,1594,2023-10-28,913.2718952146188,groceries,paypal
61,1595,2023-08-05,1136.551689512546,electronics,debit_card
45,1596,2024-03-02,1213.2541983126357,electronics,paypal
45,1597,2023-12-25,346.47044442067806,electronics,credit_card
98,1598,2023-09-01,811.5346798587395,groceries,paypal
70,1599,2024-01-11,1075.5323803265196,electronics,credit_card
53,1600,2024-01-01,534.18654237007,clothing,credit_card
98,1602,2024-05-31,855.6318214612389,groceries,debit_card
77,1603,2024-04-16,764.853098165672,groceries,credit_card
24,1604,2023-10-08,1276.228920618048,clothing,credit_card
94,1605,2024-01-26,746.4956902695714,groceries,credit_card
92,1606,2023-11-10,505.1752009917743,groceries,paypal
94,1607,2024-01-13,933.0654783158176,clothing,paypal
15,1608,2023-08-01,782.8010689701191,groceries,debit_card
21,1609,2024-05-02,546.2746650782619,electronics,paypal
37,1610,2023-11-19,1453.4854755779097,electronics,paypal
92,1611,2023-12-22,1088.405387309259,electronics,paypal
89,1612,2024-05-12,892.5331606542919,groceries,paypal
65,1613,2023-10-04,1001.9518938387904,electronics,debit_card
75,1614,2024-05-05,623.6125044970894,clothing,paypal
70,1615,2024-03-22,1327.6290606824246,groceries,paypal
21,1616,2024-02-01,987.3568719110164,groceries,paypal
11,1617,2023-08-26,1046.9252115157892,clothing,paypal
8,1618,2024-01-19,1406.353949230972,clothing,credit_card
46,1619,2024-07-13,918.508933790886,electronics,paypal
45,1620,2024-04-28,1454.138192233093,clothing,debit_card
24,1621,2024-06-05,898.4721460913057,groceries,credit_card
46,1622,2024-07-09,619.5792010922485,electronics,credit_card
12,1623,2024-01-01,913.4047522459692,electronics,paypal
54,1624,2024-03-31,1249.2236701405236,groceries,credit_card
91,1625,2023-11-30,1343.5230638952116,groceries,debit_card
15,1626,2024-04-23,961.4897604950464,groceries,debit_card
22,1627,2023-12-14,579.2461649272257,groceries,paypal
82,1628,2023-09-11,430.73270162697935,electronics,paypal
90,1629,2023-11-05,1109.9863167480942,electronics,debit_card
65,1630,2023-08-26,1514.2623402630725,electronics,debit_card
54,1631,2023-12-17,653.4846707798325,electronics,debit_card
42,1632,2023-10-02,813.0565411444453,groceries,debit_card
35,1633,2023-12-10,1340.786765572234,electronics,credit_card
10,1634,2023-10-21,926.478873176016,electronics,credit_card
49,1635,2023-09-22,949.226429007927,electronics,paypal
59,1636,2024-05-09,796.2935307510954,electronics,debit_card
10,1637,2024-06-22,738.4818123508377,groceries,paypal
74,1638,2024-04-17,923.91133614063,groceries,debit_card
82,1639,2023-12-06,754.3205333143965,groceries,credit_card
74,1640,2024-02-24,1061.931962242579,clothing,paypal
25,1641,2024-03-21,1084.8279385558794,clothing,credit_card
76,1642,2023-12-12,512.7569248814223,clothing,paypal
12,1643,2023-12-17,1194.0882007286546,groceries,paypal
69,1644,2023-10-14,1451.2657126914553,groceries,paypal
86,1645,2024-04-27,619.8851194198818,clothing,debit_card
81,1646,2023-08-14,1404.255116267241,groceries,paypal
11,1647,2024-05-30,425.3465803210756,clothing,paypal
25,1648,2023-08-25,1054.9870585733388,electronics,debit_card
98,1649,2024-05-12,896.3056318409191,electronics,debit_card
63,1650,2023-12-15,714.0132748470895,electronics,credit_card
3,1652,2024-05-10,866.5642285046673,electronics,credit_card
16,1653,2024-04-04,957.5028618385046,groceries,debit_card
78,1654,2024-05-30,891.159299767111,clothing,credit_card
63,1655,2024-01-10,1470.3584721952875,electronics,paypal
5,1656,2024-06-05,1474.291399051627,electronics,debit_card
70,1657,2023-08-31,722.6594881726569,electronics,credit_card
40,1658,2024-01-20,1084.4546231944244,electronics,debit_card
30,1659,2023-10-11,590.1829485093222,electronics,credit_card
53,1660,2023-11-03,831.1893341382789,electronics,paypal
90,1661,2024-04-12,957.2464262058644,clothing,credit_card
51,1662,2023-09-01,936.9615598009968,electronics,paypal
8,1663,2023-10-29,1122.3276221170809,groceries,paypal
68,1664,2023-07-31,389.5783454801332,clothing,credit_card
37,1665,2024-05-02,1133.9049837191524,clothing,credit_card
23,1666,2024-03-22,1204.305815704082,electronics,paypal
85,1667,2024-04-26,1174.0981781976618,groceries,paypal
46,1668,2024-07-21,1161.7223833908276,electronics,credit_card
55,1669,2024-06-04,1164.11092692416,clothing,debit_card
63,1670,2023-12-25,851.9938244769143,electronics,debit_card
41,1671,2023-10-18,1184.203358053847,electronics,paypal
21,1672,2024-05-28,907.9266177369298,electronics,debit_card
37,1673,2024-02-20,678.0739703113172,groceries,credit_card
53,1674,2023-09-17,1409.2540285332843,electronics,credit_card
44,1675,2024-05-27,636.2999821054631,groceries,paypal
75,1676,2023-10-20,883.6217375095641,electronics,paypal
96,1677,2023-09-03,1328.1332610020831,clothing,paypal
61,1678,2023-10-15,732.5016737233705,clothing,credit_card
78,1679,2023-11-20,1531.359579284273,electronics,paypal
36,1680,2024-01-18,888.815016406527,electronics,debit_card
53,1681,2024-03-14,1110.37543527495,electronics,paypal
59,1682,2023-09-03,1345.7192128576332,electronics,debit_card
8,1683,2023-08-06,398.0897197199133,electronics,debit_card
69,1684,2024-04-04,1408.7691151948095,groceries,debit_card
68,1685,2023-11-29,429.66260324224623,groceries,credit_card
64,1686,2023-09-18,801.1520628854898,groceries,debit_card
53,1687,2024-07-17,1322.762546956608,clothing,debit_card
54,1688,2023-10-14,1165.531643742857,clothing,credit_card
31,1689,2023-09-01,468.7512710838759,electronics,paypal
31,1690,2023-08-27,697.2851305503463,electronics,paypal
82,1691,2024-03-27,522.0136756573083,clothing,paypal
4,1692,2023-10-06,1006.9112388938054,clothing,credit_card
91,1693,2023-12-30,396.60162397444174,clothing,credit_card
75,1694,2024-04-13,1036.1629318555183,clothing,debit_card
64,1695,2023-12-05,766.4643151486017,groceries,debit_card
10,1696,2024-02-13,1286.605377418584,electronics,debit_card
80,1697,2024-02-10,1257.2238179627752,clothing,credit_card
28,1698,2023-12-18,348.5240377794025,groceries,paypal
5,1699,2023-09-15,1507.9940927711127,groceries,paypal
75,1700,2023-08-23,303.80000356723485,electronics,paypal
28,1702,2024-01-07,1284.5615917794548,groceries,paypal
86,1703,2023-08-28,990.6692334264732,groceries,debit_card
78,1704,2024-03-23,822.7686865781416,electronics,credit_card
22,1705,2023-09-08,812.3604637187918,groceries,debit_card
42,1706,2024-07-12,709.8309581408843,clothing,debit_card
51,1707,2024-07-12,1069.6894156009878,clothing,debit_card
9,1708,2023-10-23,814.7319644704053,groceries,debit_card
33,1709,2024-04-13,1033.3844993845455,groceries,debit_card
38,1710,2024-03-29,538.8951095781078,electronics,debit_card
40,1711,2023-10-24,1569.6175496728554,electronics,paypal
86,1712,2024-06-28,587.2189565459977,electronics,credit_card
23,1713,2024-06-01,938.4051049742876,clothing,credit_card
97,1714,2024-01-27,1206.730393839167,electronics,credit_card
78,1715,2024-01-28,1066.8099449374336,electronics,credit_card
98,1716,2023-10-16,1561.9076168428594,electronics,paypal
56,1717,2023-10-25,1373.0209655821957,clothing,debit_card
34,1718,2024-04-17,993.7165640109394,clothing,paypal
47,1719,2024-07-22,881.6380280689203,clothing,credit_card
79,1720,2023-09-12,912.0879408975128,clothing,paypal
93,1721,2023-12-11,830.9902736342341,electronics,paypal
82,1722,2024-07-10,744.2305904236141,clothing,credit_card
33,1723,2024-03-24,1389.8722316221777,electronics,credit_card
67,1724,2024-01-22,552.5460534518422,groceries,paypal
86,1725,2024-05-28,1105.846559534909,clothing,credit_card
66,1726,2023-10-15,609.2967616607167,electronics,credit_card
5,1727,2024-04-25,1050.0670280837528,electronics,credit_card
89,1728,2024-07-14,1178.3255726514376,electronics,paypal
90,1729,2023-09-29,869.8157159243914,clothing,debit_card
65,1730,2023-12-02,1605.7222214578271,electronics,credit_card
59,1731,2023-09-11,1585.2423393993736,electronics,paypal
32,1732,2024-03-05,787.4063601602081,clothing,debit_card
53,1733,2023-08-07,1562.8750553760465,electronics,paypal
7,1734,2024-05-27,921.3382956905892,clothing,paypal
87,1735,2024-06-01,863.4165541239278,clothing,credit_card
52,1736,2024-01-08,1117.398543440234,electronics,debit_card
64,1737,2024-06-29,1117.8701863423917,clothing,paypal
44,1738,2024-04-26,1247.4616737879062,clothing,paypal
74,1739,2023-11-20,1167.1407378581391,electronics,credit_card
57,1740,2023-11-11,865.5340998846631,electronics,paypal
100,1741,2024-05-19,996.3570832356124,groceries,debit_card
61,1742,2024-05-09,1564.7206966445656,electronics,debit_card
10,1743,2024-06-26,1477.4375980550574,groceries,credit_card
72,1744,2023-12-13,895.5169278837018,groceries,paypal
15,1745,2024-03-22,484.02941701164895,electronics,debit_card
47,1746,2024-06-06,1014.9434281119696,electronics,credit_card
29,1747,2023-08-10,651.531748379465,groceries,debit_card
46,1748,2023-08-08,716.7213291324375,electronics,paypal
75,1749,2024-01-11,965.5114287303356,electronics,debit_card
94,1750,2024-03-31,1405.1513582927012,groceries,paypal
30,1752,2024-05-28,1089.9833878761874,clothing,credit_card
69,1753,2023-10-14,666.4852929615039,groceries,debit_card
72,1754,2024-03-04,1283.503301083092,groceries,credit_card
95,1755,2024-03-09,465.53625794313496,clothing,credit_card
4,1756,2023-12-21,632.4677097669527,electronics,debit_card
46,1757,2024-02-24,634.3254388028427,groceries,debit_card
61,1758,2023-08-25,317.9265867376916,electronics,debit_card
9,1759,2024-05-02,943.2122165561948,electronics,credit_card
56,1760,2024-05-21,807.6062977865591,electronics,debit_card
79,1761,2024-02-10,830.2366641680949,clothing,credit_card
87,1762,2023-11-03,1051.524997948476,electronics,paypal
79,1763,2024-04-06,1558.37297940698,clothing,credit_card
73,1764,2024-02-29,739.6880499805624,clothing,credit_card
12,1765,2024-02-04,1262.892761690948,electronics,credit_card
48,1766,2023-12-06,1300.1179586864787,groceries,paypal
36,1767,2024-06-14,1281.0678595048812,groceries,credit_card
89,1768,2023-12-05,1177.7712081472343,clothing,credit_card
76,1769,2024-02-06,871.6777974075419,groceries,paypal
82,1770,2023-12-07,1481.3791582449326,electronics,paypal
56,1771,2023-11-27,1425.0341267009917,clothing,credit_card
93,1772,2023-12-05,1387.42902228998,clothing,paypal
18,1773,2024-04-18,764.2397407725101,electronics,credit_card
69,1774,2024-04-20,1008.0657555741068,groceries,paypal
71,1775,2024-01-01,1006.8924111355626,clothing,credit_card
6,1776,2023-12-21,690.2053722493425,electronics,debit_card
46,1777,2023-11-20,1299.905113478338,clothing,paypal
13,1778,2023-10-19,1314.1039004437434,groceries,paypal
49,1779,2023-09-27,1220.8356091960245,groceries,paypal
3,1780,2024-03-27,1057.169523041959,clothing,paypal
16,1781,2023-09-29,544.9525851314398,groceries,paypal
78,1782,2024-03-07,1378.5655135465545,electronics,debit_card
50,1783,2023-11-07,1034.3347829950758,groceries,debit_card
62,1784,2023-10-29,1264.6183242877091,groceries,paypal
30,1785,2024-05-04,747.428749629908,clothing,paypal
9,1786,2023-10-23,1079.970088863877,groceries,debit_card
16,1787,2024-07-16,1212.71982373735,electronics,debit_card
19,1788,2024-07-09,905.7265445949346,clothing,credit_card
52,1789,2023-12-07,945.9612483515934,clothing,debit_card
67,1790,2024-01-17,750.3499214903729,electronics,paypal
76,1791,2023-08-16,1267.7865918487817,clothing,paypal
43,1792,2024-01-09,1089.8676730910147,clothing,debit_card
31,1793,2024-05-02,824.1963688274536,electronics,credit_card
93,1794,2023-11-27,795.2459227577085,electronics,paypal
74,1795,2023-11-06,1344.905698310646,electronics,credit_card
38,1796,2023-08-15,1176.137554248103,groceries,debit_card
28,1797,2023-11-16,1112.735998540886,groceries,paypal
16,1798,2024-05-25,1156.8317398121717,electronics,paypal
50,1799,2024-07-04,248.7897979488757,groceries,debit_card
4,1800,2024-03-06,868.1494277988828,clothing,debit_card
25,1802,2024-07-12,1314.4490459644603,clothing,paypal
1,1803,2024-07-04,967.4849510273734,groceries,debit_card
83,1804,2023-09-06,1641.570287098189,electronics,credit_card
27,1805,2023-12-12,675.1275227506833,electronics,debit_card
28,1806,2023-09-20,1520.64976993886,groceries,debit_card
68,1807,2023-08-16,1264.7194832809384,clothing,credit_card
89,1808,2023-10-01,1016.7265236617704,clothing,credit_card
67,1809,2023-10-17,537.8223705378414,electronics,credit_card
68,1810,2024-02-10,1109.6028490724573,groceries,credit_card
40,1811,2024-06-24,467.90945768031486,groceries,credit_card
8,1812,2024-03-19,596.8178976499165,electronics,debit_card
83,1813,2024-03-17,1022.8477454474552,groceries,debit_card
86,1814,2024-05-12,1477.9698836377868,clothing,debit_card
94,1815,2024-07-02,724.6484879978619,groceries,credit_card
71,1816,2024-07-25,1356.0889402242888,clothing,debit_card
86,1817,2023-09-10,406.4740079944668,groceries,paypal
31,1818,2023-08-20,1283.3629272398964,electronics,credit_card
5,1819,2024-04-18,1191.543820127595,groceries,paypal
41,1820,2024-02-03,629.8923821694398,groceries,debit_card
22,1821,2024-03-17,755.2899049403935,groceries,credit_card
49,1822,2024-07-21,798.2838307647913,groceries,debit_card
10,1823,2024-04-23,1054.331702167246,clothing,debit_card
52,1824,2023-10-15,1435.7604711248648,electronics,paypal
10,1825,2024-02-26,1140.9489330772203,clothing,credit_card
76,1826,2023-11-20,1481.8090716594145,clothing,credit_card
32,1827,2024-03-30,1180.258378027922,groceries,credit_card
44,1828,2023-11-30,1169.8677917236664,groceries,paypal
40,1829,2024-01-25,832.5997847293071,clothing,paypal
54,1830,2023-08-31,1341.6149281079977,groceries,debit_card
28,1831,2023-09-06,1200.8214721684014,electronics,paypal
7,1832,2024-07-01,856.0373961517464,groceries,paypal
52,1833,2023-10-05,1564.016074331829,groceries,debit_card
92,1834,2023-10-20,606.9850491837587,clothing,debit_card
60,1835,2023-11-29,1531.402308338491,electronics,credit_card
33,1836,2023-12-06,888.9497118488109,electronics,paypal
84,1837,2024-06-23,1045.63469879561,groceries,credit_card
60,1838,2024-03-12,1140.5437096003,clothing,credit_card
58,1839,2023-09-22,993.2998387431312,groceries,paypal
56,1840,2023-08-28,1027.5394692162608,clothing,debit_card
72,1841,2023-12-17,1493.6597305826515,clothing,debit_card
26,1842,2023-11-10,1158.6500490334,groceries,debit_card
61,1843,2024-02-17,936.8946674283014,electronics,paypal
90,1844,2023-09-20,904.469062106292,groceries,paypal
79,1845,2024-06-14,750.4267155683281,groceries,credit_card
24,1846,2024-04-02,1667.3628868764386,groceries,debit_card
5,1847,2024-01-16,709.5097489104058,clothing,credit_card
76,1848,2024-05-16,1394.968548997855,electronics,credit_card
7,1849,2024-01-28,870.451681703101,groceries,debit_card
4,1850,2023-08-31,931.477093297966,clothing,paypal
85,1852,2024-01-07,1027.7594775517196,groceries,credit_card
89,1853,2024-07-03,1146.7729867947317,clothing,credit_card
8,1854,2024-03-09,725.0689741249936,clothing,credit_card
4,1855,2023-12-17,1074.8327935106165,electronics,paypal
45,1856,2023-10-26,482.6310155321336,electronics,debit_card
44,1857,2024-07-26,430.711584029248,groceries,debit_card
61,1858,2023-11-08,611.3546683852157,clothing,credit_card
33,1859,2024-05-06,575.7426669149282,electronics,debit_card
72,1860,2024-01-30,832.6810770611073,electronics,credit_card
35,1861,2024-06-28,481.5792025222282,clothing,paypal
84,1862,2024-01-09,1409.338056970261,electronics,credit_card
90,1863,2023-12-11,374.45851425466367,electronics,debit_card
81,1864,2024-02-03,1300.5941458837908,electronics,paypal
5,1865,2024-04-30,1048.6150678537117,groceries,paypal
48,1866,2024-05-03,702.914800739429,electronics,credit_card
42,1867,2024-05-14,1063.7662755145327,groceries,credit_card
61,1868,2024-04-14,1316.5134830569325,clothing,debit_card
22,1869,2023-12-20,515.7222129456171,groceries,debit_card
10,1870,2023-09-17,1115.564300266861,clothing,paypal
41,1871,2024-04-01,1122.8440762480666,electronics,paypal
53,1872,2023-09-15,649.0550201506528,electronics,debit_card
50,1873,2023-08-13,908.4944482870648,electronics,debit_card
2,1874,2024-05-23,754.0290891434793,groceries,paypal
68,1875,2024-03-23,1118.4073962233422,groceries,credit_card
38,1876,2024-04-24,514.750202936411,groceries,paypal
53,1877,2023-12-20,590.9694701158633,electronics,credit_card
62,1878,2023-12-21,944.4332967831166,electronics,credit_card
48,1879,2023-09-11,731.420274419377,groceries,debit_card
72,1880,2023-11-04,1190.2426588868484,clothing,credit_card
33,1881,2023-12-09,1230.8986873484498,electronics,debit_card
61,1882,2024-06-05,381.26989695538873,clothing,paypal
5,1883,2024-07-03,1074.6549306857494,groceries,paypal
100,1884,2024-02-10,346.15050253117465,clothing,paypal
54,1885,2023-10-08,1233.1141892111043,clothing,debit_card
51,1886,2024-02-26,333.99455346183964,clothing,paypal
54,1887,2023-10-21,1195.886378602901,electronics,credit_card
82,1888,2024-04-10,1073.9244855708914,clothing,credit_card
6,1889,2023-08-04,1277.2617418077762,clothing,credit_card
46,1890,2023-10-16,1593.6021762091175,clothing,debit_card
62,1891,2024-03-19,758.1530384175716,electronics,paypal
27,1892,2024-03-11,1170.1757006245994,electronics,credit_card
16,1893,2023-09-15,808.1582465882982,groceries,debit_card
100,1894,2024-02-01,796.2180038958337,electronics,debit_card
92,1895,2023-12-15,330.3142223631904,clothing,credit_card
42,1896,2024-01-25,1258.0180841471906,electronics,credit_card
29,1897,2023-11-16,1036.920928204477,groceries,debit_card
99,1898,2024-07-29,752.3615850376053,clothing,debit_card
20,1899,2023-12-08,1632.176098651743,groceries,paypal
18,1900,2023-10-29,1072.1949161248965,groceries,debit_card
60,1902,2023-10-03,994.1223207165576,groceries,credit_card
8,1903,2024-05-16,1275.0277953282605,electronics,paypal
53,1904,2024-01-07,868.4126561306252,clothing,paypal
50,1905,2024-04-10,849.7297617540246,groceries,debit_card
78,1906,2024-03-28,733.2003285952487,electronics,debit_card
99,1907,2023-12-26,688.8896202635146,electronics,debit_card
84,1908,2024-07-18,1219.661049654603,electronics,credit_card
81,1909,2023-08-25,724.9489282851075,groceries,paypal
58,1910,2023-11-17,1298.4932533970575,groceries,paypal
29,1911,2024-01-29,1588.295099425004,electronics,credit_card
28,1912,2023-11-16,1212.133119913767,groceries,paypal
29,1913,2024-06-14,1589.9975009828058,clothing,paypal
27,1914,2023-11-15,773.9996973886877,groceries,paypal
54,1915,2024-02-04,713.5866675662132,electronics,debit_card
48,1916,2023-10-08,1343.5501911353851,electronics,paypal
1,1917,2023-08-27,1026.1267452933712,groceries,paypal
31,1918,2023-11-13,1341.4467371778317,clothing,paypal
54,1919,2023-09-22,1048.7178450726758,electronics,paypal
13,1920,2024-01-13,1142.731658541538,electronics,paypal
97,1921,2024-05-03,757.9263237538457,groceries,credit_card
61,1922,2023-10-02,412.66261169935945,electronics,credit_card
83,1923,2023-08-07,1618.6595083823909,electronics,debit_card
25,1924,2024-03-24,1055.7158747930946,groceries,paypal
19,1925,2023-08-29,1194.2854852019022,electronics,paypal
34,1926,2024-03-13,1250.5423869202336,groceries,paypal
49,1927,2024-06-28,641.5998353288397,groceries,debit_card
59,1928,2024-01-31,1544.7043206595324,electronics,paypal
29,1929,2024-03-08,1127.4080236367777,clothing,credit_card
29,1930,2023-08-04,1096.1590616611347,electronics,paypal
19,1931,2024-02-24,1323.0447114544754,electronics,debit_card
6,1932,2023-11-20,671.6019387463397,electronics,paypal
91,1933,2023-11-30,971.2643638738696,electronics,paypal
61,1934,2023-08-29,770.6004738876667,groceries,paypal
90,1935,2023-09-14,856.2629115602613,electronics,credit_card
95,1936,2024-02-16,1261.419850356811,groceries,paypal
8,1937,2023-08-27,1245.1450117281502,clothing,credit_card
82,1938,2024-01-30,1079.7311554559913,electronics,paypal
96,1939,2023-11-25,850.6622057060582,groceries,credit_card
72,1940,2024-04-27,959.8658403305416,clothing,credit_card
47,1941,2023-10-17,840.8211842429841,clothing,debit_card
18,1942,2024-07-02,692.5380131397947,groceries,credit_card
68,1943,2023-11-24,1156.680713287666,clothing,debit_card
94,1944,2023-10-28,695.0052615226829,clothing,debit_card
14,1945,2024-02-10,1378.3545821045243,clothing,debit_card
1,1946,2023-08-23,1129.7493650911358,electronics,paypal
55,1947,2024-05-01,317.65316197989586,electronics,paypal
5,1948,2024-05-12,599.1932812964496,clothing,paypal
9,1949,2023-09-06,574.4537917189065,groceries,debit_card
40,1950,2023-08-19,1076.647333342093,electronics,credit_card
57,1952,2024-06-01,879.9648522802805,clothing,credit_card
62,1953,2023-08-23,545.4310776461683,groceries,debit_card
99,1954,2024-04-21,1179.986484736461,clothing,credit_card
17,1955,2024-07-14,1200.6634040994534,clothing,paypal
55,1956,2024-05-14,1063.8936430943927,groceries,debit_card
33,1957,2023-11-08,477.7166216112964,groceries,credit_card
86,1958,2024-04-11,758.3243352571678,electronics,paypal
73,1959,2023-12-12,1154.8752464970898,groceries,paypal
68,1960,2023-10-06,1150.6266933957036,electronics,debit_card
69,1961,2023-09-02,557.6198436751995,clothing,credit_card
65,1962,2023-10-05,915.803370128258,groceries,paypal
1,1963,2024-01-05,745.7247902300564,clothing,paypal
38,1964,2023-08-29,846.5229057892644,clothing,debit_card
65,1965,2023-09-20,1397.2237745982516,clothing,debit_card
48,1966,2023-12-12,685.1624889229556,clothing,credit_card
36,1967,2024-06-17,678.9544524400739,clothing,paypal
8,1968,2023-08-10,477.7770243300728,groceries,paypal
74,1969,2024-01-19,1088.866232953249,groceries,credit_card
92,1970,2023-09-13,1202.2271804542893,clothing,credit_card
34,1971,2023-11-19,724.0108863949415,groceries,debit_card
6,1972,2024-04-26,570.0141615064374,groceries,credit_card
24,1973,2024-01-22,728.54344570953,electronics,credit_card
97,1974,2024-01-21,1285.7726513778389,electronics,credit_card
30,1975,2024-06-23,1170.8109676314173,groceries,paypal
30,1976,2024-02-06,936.8627877903032,clothing,paypal
95,1977,2024-02-25,657.8299840339047,clothing,credit_card
11,1978,2023-09-20,1055.0696609607123,clothing,debit_card
37,1979,2024-02-09,906.6347197020912,groceries,debit_card
45,1980,2024-06-14,1534.3329134353246,clothing,paypal
45,1981,2023-11-14,1422.447361061243,groceries,paypal
2,1982,2024-06-20,1084.8994864367864,groceries,credit_card
32,1983,2024-02-23,1417.054560580599,clothing,debit_card
52,1984,2024-05-26,553.7711479139629,electronics,credit_card
69,1985,2024-02-14,832.1798328738348,clothing,paypal
65,1986,2024-02-02,1511.444931689127,clothing,paypal
52,1987,2024-07-09,815.9636581117043,clothing,paypal
89,1988,2024-04-19,719.7597389225841,clothing,credit_card
23,1989,2023-12-22,574.2037054251808,clothing,debit_card
87,1990,2024-07-03,1414.9087761612614,electronics,debit_card
17,1991,2023-09-25,813.8567101466798,groceries,paypal
51,1992,2024-01-02,1034.63498918748,electronics,credit_card
56,1993,2024-04-11,1006.9976504642358,groceries,debit_card
31,1994,2024-07-24,642.7251344114233,electronics,paypal
39,1995,2023-08-04,554.9075231937911,clothing,paypal
44,1996,2024-04-02,642.3460622483904,electronics,debit_card
57,1997,2023-12-14,982.6571023152184,clothing,paypal
17,1998,2024-01-02,580.0122618219781,clothing,paypal
99,1999,2024-03-02,1115.863701842104,clothing,debit_card
32,2000,2023-08-12,1370.5486012054432,clothing,credit_card
